waynepiekarski,XTextureExtractor,0,0,0
TypeFox,theia-xtext-sprotty-example,1,1,1.0
altran-mde,xtext-sirius-integration,10,29,2.9
graph-quilt,graphql-xtext,0,0,0
TypeFox,vscode-xtext-sprotty-example,1,1,1.0
eclipse,xtext-website,0,0,0
intuit,common-xtext-expression-language,0,0,0
PacktPublishing,Implementing-Domain-Specific-Languages-with-Xtext-and-Xtend,7,7,1.0
resloved,xtext,0,0,0
lurenzhangdeshuai,EmojiText-XText,0,0,0
kuniss,xtext-ide-extensions,1,4,4.0
graph-quilt,xtext-service-dsl,7,7,1.0
btc-ag,service-idl,47,73,1.55
eventB-Soton,XUML_B,0,0,0
Minres,CoreDSL,5,10,2.0
TypeFox,xtext2langium,0,0,0
v-bashev,post_core,2,2,1.0
NielsLiisberg,RPG-lexer,0,0,0
OpenSextant,XText,0,0,0
laubfall,jugh-xtext-arkanoid,4,9,2.25
khabdrick,LambdaXtextract,0,0,0
bsati,mgpl-xtext,2,2,1.0
UnBCIC-TP2,Oberon-XText,122,122,1.0
TopXDevTeam,TopXTextUI,0,0,0
ngreve,xtext_web,0,0,0
nmaoez,composer-language-server,0,0,0
FAMILIAR-project,xtext-dsl-compiler-example,0,0,0
eventB-Soton,XTheory,0,0,0
program-in-chinese,xtext_tutorial_15_min_zh,4,4,1.0
code-kontor,openCypher-Xtext,0,0,0
eclipse,epsilon,1,2,2.0
UnBCIC-TP2,Oberon-IDE,0,0,0
idiomaticsoft,xtext-tips,1,1,1.0
atb,pt.isep.dsl.puml,0,0,0
Webastronaut,mgpl,2,2,1.0
PAMunb,MetaCrySL,152,215,1.41
raghvendra-v,tosca-yaml-lsp,1,2,2.0
zxhr,gradle-xtext-generator,0,0,0
tmtron,ex.xtext.lsp,1,1,1.0
echebbi,standalone-xtext-example,1,1,1.0
darvasd,xtext-docs-gen,0,0,0
jcabot,WordPress-Plugin-DSL,1,2,2.0
JensBAndersen,PolicyLanguage,0,0,0
Zannith,XtextTest,0,0,0
AnnaLenaMeiners,XtextExamples,0,0,0
Kerolos77,XTextEditor,0,0,0
Mabar16,xtextMath,0,0,0
holgerschill,xtextCodebuff,0,0,0
devzwy,XTextView,0,0,0
mraminella,XtextExamples,0,0,0
msntts,XtextStudy,1,1,1.0
chiachong,XTextClassification,0,0,0
vinisbranco,XtextGerador,0,0,0
pakhopav,XtextPlugin,0,0,0
IamRaziel,XtextTutorial,0,0,0
dstoft,XtextWorkspace,0,0,0
MisbahAwan,XtextCollaborativeEnvironment,0,0,0
pakhopav,XtextLanguage,0,0,0
fonuhuolian,XTextView,0,0,0
RomainLefeuvre,xtextHW,0,0,0
BestCoderXQX,XTextFlagDemo,0,0,0
vinisbranco,XtextTrabalho2,2,2,1.0
loicperreal,Xtext,0,0,0
goflyboy,xtextsample,0,0,0
SharkJ,XtextInheritanceTest,0,0,0
hewenyuAndroid,XTextView-Android,0,0,0
OLibutzki,XtextExtras446,1,1,1.0
vinisbranco,XtextJavaScript,0,0,0
AndreasGroentved,XtextDSL2018,0,0,0
robertchristen,XTextCategorizer.Demo,0,0,0
alvarofpp,tutorial-xtext,2,2,1.0
pakhopav,XtextLanguageGradle,0,0,0
pakhopav,xtext,0,0,0
adamhorvath88,Xtext,0,0,0
0xMYsteRy,Xtext,6,6,1.0
taylorlohan,XtextHealth2.0,0,0,0
Caroline66666,xtext,0,0,0
xuxiaowen87,XText,0,0,0
MisbahAwan,xtext,0,0,0
ichxorya,failed-xtext2vscode-example,1,1,1.0
hwong23,dsl.evtool,0,0,0
RobMoloney,xtext,0,0,0
l1ppe,xtext,0,0,0
madhouni,wps-ecore-ocl-xtext,0,0,0
MISO4202,uniandes.mdd.xtext2xmi,0,0,0
tchebs,xtext,0,0,0
mlopez8621,xtext,0,0,0
magick93,xtext,0,0,0
ShivaniBali,Theia-Xtext-Yangster-Project-,2,2,1.0
ehah,XtendExample,0,0,0
MISO4202,co.edu.uniandes.gramaticajmeter,0,0,0
vks2106,prenum,0,0,0
drkstr101,hello-xtext,1,1,1.0
arthurmosley,Essex-Test,0,0,0
eclipse,xtext-website-publish,0,0,0
jflopezfernandez,xtextutils,0,0,0
AlanQuadros,xtextlpmangan,0,0,0
jonaslagoni,JSON-Schema-to-internal-DSL,1,1,1.0
OezzyB,e-portfolio-Xtext,0,0,0
fedorov-vk,apds_dsl,0,0,0
zinon,xtextminer,0,0,0
mustafa231,xtexteditor,0,0,0
MOSafely,xtextrepo,0,0,0
bproenca,mpti-dsl,0,0,0
LorenzoBettini,xtext-domain-model-guice-5,0,0,0
BlackBeltTechnology,karaf-features-eclipse-xtext,0,0,0
vashchenkov,xtext-samle,0,0,0
germono,FormXtext,0,0,0
Quingo,compiler_xtext,130,133,1.02
ShrawanBK,xtext_salestransaction,2,2,1.0
tshoang,XMarking,0,0,0
szschaler,henshin_xtext_adapter,0,0,0
hakimuga,BIP-language,0,0,0
adautofbn,pascal-xtext,0,0,0
efuentesp,Xtext-UCS,0,0,0
preesm,ripacola-xtext,4,4,1.0
wibeck,testXtext,0,0,0
msun68,xtext-examples,0,0,0
xTexturedxx,xTexturedxx,0,0,0
HexXText,HexXText,0,0,0
Gricel-lee,Xtext-Maven,0,0,0
kolchanov,org.xtext.example.mydsl.parent,0,0,0
kecksk0enig,vuc-xtext,1,1,1.0
EvdokimovMaks,xtext-expressions,0,0,0
Sorokatov,xtext-demo,0,0,0
uppaal-emf,uppaal-xtext,10,16,1.6
matheuslenke,Xtext-UML,0,0,0
r4mtor,xtext-talks,1,2,2.0
nbhusare,xtext-playground,0,0,0
kokostino,xtext_kokomodel,0,0,0
GiordanoT,ocl-xtext,0,0,0
dr-jam,ABL-XText,0,0,0
lahirugayanga,xtext-projection,0,0,0
daniel614,xtext-webapp,0,0,0
Spiderixius,DSLIndividualXtext,0,0,0
mdsd-team-1,photos-xtext,1,4,4.0
efuentesp,xtext-cobol,0,0,0
torosky,Libreria-Xtext,0,0,0
MaxiEckert,Xtext-example,2,2,1.0
as500,xtext-rpgle,0,0,0
JavierOramas,AudiXText,0,0,0
xtext,xtext-monorepo,1066,3992,3.74
vjordan,Xtext_browser,18,18,1.0
Yop-La,xtext_project,0,0,0
JesterOrNot,Gitpod-XText,1,1,1.0
eclipse,xtext-archive,0,0,0
Lethalaric,xtext-learning,6,6,1.0
DSIE2,tr.xtext,0,0,0
ShivaniBali,Theia-Xtext,1,1,1.0
kthoms,xtext-webinar,0,0,0
christopherosthues,mgpl-xtext,0,0,0
zhanglin2018,learnXtext,2,4,2.0
seebgar,Xtext-Projects,0,0,0
Vallenstein,xtext_web,0,0,0
AbQadirr,dialogXtextflow,0,0,0
blue995,xtext-orm,1,5,5.0
arockiaraj1994,xtext-mvn,0,0,0
moein9,passXtext,0,0,0
saivarunr,xtext-editor,0,0,0
JesterOrNot,xtext-cli,0,0,0
Somiacao,xtext-web,2,2,1.0
katmatt,graphql-xtext,0,0,0
LIONant-depot,xtexture_compiler,0,0,0
tchebs,xtext-example,0,0,0
ballcoach12,xtext_samples,0,0,0
AssaX0,MDSE-xtext,1,1,1.0
samples-projects,sample-xtext,0,0,0
karthik137,xtext-demo,0,0,0
MDE-Course-23-24,SIRIUS-XTEXT,0,0,0
softlang,megal-xtext,21,134,6.38
laurocesar,xtext-domainmodel,0,0,0
Yahaya12,Xtext-project,0,0,0
malhxr,SpeechXtext,0,0,0
stanimirovv,xtext-extractor,0,0,0
3m3k3,xtext-congen,0,0,0
pen-zhang,xtext_elm_editor,0,0,0
NSaitoNmiri,toppers_cfg_xtext,0,0,0
tmtron,ex.xtext.twog,2,2,1.0
vinicius0197,metacrysl,0,0,0
Dexels,navascript-editor,0,0,0
adrianrutle,PCS953-EMF-Exercise,0,0,0
ravornyo,xspice,0,0,0
yamen-njm,IotXtext,0,0,0
kainzpat14,xtext-plsql,0,0,0
epsilonlabs,emc-xtext,0,0,0
robertovillarejo,kukulkan-grammar,0,0,0
lvanzeun,ulm-xtext-test,1,6,6.0
purerstamp,N7.compilateur,133,225,1.69
jaedabee,xtext-gradle-test,0,0,0
MassiBelaid,M-langeuse-Xtext,0,0,0
qxe35v,xtext_encoding_dsl,0,0,0
random-eclipse,nix-eclipse-xtext,0,0,0
meta-doodle,Xtext_Gradle_Test,0,0,0
LiamWalsh98,nusmv-xtext-lsp,0,0,0
MaximilianKoestler,vscode-xtext-links,0,0,0
AhmedEssam2212,xText-Editor-,0,0,0
adrinerDP,DSL-with-Xtext,0,0,0
cdietrich,xtext-domainmodel-ls,0,0,0
tmtron,ex.xtext.ml,3,3,1.0
andrewsandu,xtext-web-example,0,0,0
pngowda,xtext-build-tools,0,0,0
SharkJ,xtext-dsl-sample,0,0,0
hammedb197,team-hacktive-xtext,0,0,0
SimonCockx,xtext-monaco-example,0,0,0
mister-walter,xtext-folding-issue,0,0,0
alexvolh,xtext-xml-grammar,0,0,0
SharkJ,my-theia-xtext,1,2,2.0
urbanoanderson,xtext-gait-model,1,1,1.0
vjordan,Xtext_directory-file,1,1,1.0
JosBouwhuis,xText-DSL,0,0,0
CS130-W20,assignment-2-xtext,0,0,0
lunifera,xtext-jvmtypeprovider-standalone,0,0,0
bobbyfisher1,eclipse-workspace,0,0,0
dsl-course,xtext-entities-tutorial,0,0,0
Highbrainer,xtext-pde-target,0,0,0
mattsse,xtext-fipa-acl,0,0,0
XIECHO,qingo_xtext_documentation,0,0,0
FariSoftware,xtext-problem-matcher,0,0,0
ShrawanBK,xtext.sales.transactions,0,0,0
Lzgpom,xtext-gen-extension,0,0,0
drkstr101,Domainmodel,0,0,0
vinicius0197,expressions-dsl,0,0,0
LorenzoBettini,xtext-xdoc-releases,0,0,0
KarstenWilken,xTextForum,1,1,1.0
S-wald,xtext-plugin-gradle,0,0,0
lahirugayanga,xtext-example-dsl,0,0,0
cdietrich,xtext-fragment-experiments,0,0,0
cdietrich,xtext_bug_1974,1,1,1.0
bergmanngabor,xtext-railmap-demo,0,0,0
mchlrch,xtext-intro-bfh,1,1,1.0
EvdokimovMaks,xtext-example-entities,0,0,0
cipek,MyFirstXText,0,0,0
pngowda,xtext-ci-libs,0,0,0
paulvberlin,BaSiriusXtext,4,4,1.0
szarnyasg,sql-pgq-xtext,0,0,0
frademacher,xtext-jpms-test,0,0,0
xtext,xtext-monorepo-lfs,0,0,0
LorenzoBettini,xtext-build-utils,0,0,0
cdietrich,xtext-two-dsls,0,0,0
balazsgrill,xtext_bug508518,1,1,1.0
Tim-S,xtext-valueconverter-example,1,1,1.0
ayakurtam,xText-Editor,0,0,0
HouseBuilder-MDE,HouseBuilder-Xtext,0,0,0
xtext,xtext-orbit-replacement,0,0,0
fedorov-vk,xtext-xcore-sample,0,0,0
gustavotemple,mo631xtext,1,1,1.0
Tim-S,xtext-mapbasedscope-example,1,1,1.0
shakenetwork,xTextHandler,0,0,0
GabrielBozza,ProjetoXtextPFC,2,2,1.0
HexXText,HexXTextSMP,0,0,0
snarkipus,xtext-dsl-book,0,0,0
fedorov-vk,xtextxtend-book-examples,5,5,1.0
ArneDeutsch,xtext-gradle-example,0,0,0
oliver-reinhard,xtext-ppt-demo,5,5,1.0
tpluscode,xtext-completion-nullpointer,0,0,0
idiomaticsoft,sbt-xtext-plugin,0,0,0
pen-zhang,online_elm_xtext,0,0,0
raglu,ExternalDSL-xtext,0,0,0
kulcsii,xtext-railmap-theia,1,1,1.0
NiccoMlt,xtext-showdown-grammar,0,0,0
NinjaArmy,xtext-language-server,0,0,0
jnt0r,xtext-npe-reproducable,0,0,0
HermanPeeren,eJSL-ANTLR4,0,0,0
cs130-w21,statemachine,2,2,1.0
csbc92,MDSE-assignment3,1,7,7.0
ghillairet,org.example.mydsl.parent,0,0,0
antoine-morvan,caph-java-parser,125,125,1.0
abatti,XTEXT_FACPL3_PreserveVarious,0,0,0
tfLabs,xtext-languageserver-example-duplicator,2,2,1.0
LorenzoBettini,xtext-maven-plugin-example,2,2,1.0
cdietrich,xtext-eclipse-issue-1009,0,0,0
patrickneubauer,UoY-MODE-XTEXT,2,2,1.0
cau-se,sprat-ecosystem-dsl-xtext,0,0,0
cdietrich,theia-xtext-vscode-example,0,0,0
cdietrich,j9-tycho-xtext,0,0,0
loradd,xtext-lsp-ecore-support,1,1,1.0
nnn911,LaTeXTextOverlay,0,0,0
IbanezGio,VuC,0,0,0
Samirez,DSLs,0,0,0
ShahimEssaid,com.essaid.model.xtext,0,0,0
gon10,EclipseRepoTese,6,7,1.17
max-leuthaeuser,jmhmathexample,0,0,0
tshoang,WhitespaceIDE,3,3,1.0
seebgar,MISO4202-proyecto-xtext,0,0,0
NiccoMlt,xtext-15-minutes-tutorial,4,5,1.25
SharkJ,theia-xtext-extension-test,1,1,1.0
jku-win-se,JsonBasedXtextGrammar,0,0,0
altran-mde,xtext-sirius-integration.io,0,0,0
cdietrich,xtext-core-issue-1835,0,0,0
Zaki-Fadlan,xtext_getting_started_skilledup,8,8,1.0
raptor494,Xtext-Minecraft-JSON-Languages,0,0,0
rudi,xtext-emacs-lsp-demo,2,3,1.5
fedorov-vk,apds_prototype,0,0,0
test-editor,test-editor-xtext-gradle,0,0,0
Ixgauth,perspectiveDSL-Sirus-Xtext,0,0,0
keve98,SzakD_xtext_xtend,0,0,0
silvergl,xtext-headless-rcp-example,0,0,0
reinaqu,bpmnFromXtextDSL,0,0,0
xtext,xtext-p2-orbit,0,0,0
dsl-course,xtext-tutorial-turku-interim,0,0,0
tfLabs,xtext-lsp-validation-anyway,2,2,1.0
BalzGuenat,xtext-bug-minimal-example,0,0,0
dmfullstack,org.xtext.example.mydsl,0,0,0
SuelanyBrito,JFlex_CUP_XText_SQL,0,0,0
cdietrich,xtext-languageserver-example-simple,2,2,1.0
msntts,Xtext-Standalone-fat-jar,0,0,0
oldulov,cfeditor,0,0,0
LorenzoBettini,xtext-type-errors-examples,0,0,0
claudenirmf,OntoUML-2.0-Xtext,0,0,0
Mehmetcanss,example_xtext_language_server_vscode,0,0,0
lidochca,xtext.skip.build.before.rename,0,0,0
cdietrich,xtext-maven-plugin-coverage-example,2,2,1.0
Kevin-Philip,TP_etudiant_Compilax,112,174,1.55
elite-se,elite-se.xtext.languages.plantuml,23,51,2.22
tshoang,BareBonesIDE,0,0,0
tareklel,PDFtoText,0,0,0
TVTower,TVTBlitzmaxEditor,0,0,0
cdietrich,xtext-multi-dsl-manual-metamodel,0,0,0
hallvard,xost,0,0,0
davidmpaz,log-book,0,0,0
oliver-reinhard,xtext-scoping-default-imports-demo,0,0,0
tshoang,Simple-Barebone-XText-based-IDE,0,0,0
MISO4202,uniandes.mdd.example.create-xtext,0,0,0
NaoMod,XText-Language-Server-in-VSCode,1,1,1.0
MISO4202,xtext-egl-sql2java,1,1,1.0
cdietrich,simple-xtext-parallel-load-example,4,4,1.0
bobbyfisher1,expressions,1,2,2.0
lowcomote,DBML-to-ER,43,43,1.0
tfLabs,xtext-n4js-lsp,2,2,1.0
yishakabreham,mde.sales.transactions.xtext.4,2,2,1.0
Rajesh2015,DSL-using-Xtext-and-Xtend,2,2,1.0
cdietrich,xtext-lsp-tests-with-tycho,0,0,0
CarlosAsrc,Reconhecedor-scheme,0,0,0
oliver-reinhard,xtext-scoping-default-namespaces-demo,4,4,1.0
TVTower,TVTDatabaseEditor,15,38,2.53
casino-mdd,DSL,1,11,11.0
cokeSchlumpf,bashdsl,0,0,0
sumeetchhetri,faugjs-eclipse-plugin,3,4,1.33
sderrien,Uclid-editor,51,51,1.0
GlancingMind,xtext-lsp-missing-deleteFile-impl,0,0,0
zmy3036190149,theia-xtext-pf-v1-backup,28,28,1.0
MDSDLab,mdsd-2023-lab2-xtext-xtend,11,11,1.0
abieren,MDSD-Xtext-Project-for-JavaFX,0,0,0
SimonCockx,xtext-assertAllWhitespaceIsFormatted,0,0,0
tombk556,SF_Factories_Beleg2324_Xtext_DSL,0,0,0
DonatasC,CodeGeneration,0,0,0
trichterwolke,init,0,0,0
zs6jce,x400-xrpgle,0,0,0
cyrilnavessamuel,TripManagment,1,1,1.0
paullewallencom,xtext-xtend-978-1-7864-6496-5,7,7,1.0
coalae,telemed,1,1,1.0
vorburger,xtend-StackOverflowError-issue461,0,0,0
JoaoMAlmeida,projetoCompiladores18-2,0,0,0
Bisssen,math_assignment_3_math_compiler_xtext_and_xtend,0,0,0
vks2106,domain.model,0,0,0
metafacture,metafacture-flux,0,0,0
mrtnstn,example-script-language,0,0,0
Michel-Nassalang,eclipse_workspace,2,2,1.0
varadbal,FunPL,0,0,0
oliverablagojevic,QuestionnaireDSL,0,0,0
EightPillars,NmtranEditor,76,76,1.0
DSIE2,Implementing-observer-design-pattern-with-Xtext-and-Xtend,0,0,0
George-6629,Lobster-language-conversion-sql-language-based-on-Xtext,0,0,0
hvbargen,meth,2,2,1.0
mischnic,bachelors-thesis,0,0,0
cs130-w22,statemachine,2,2,1.0
cesarlaso,tfm-udima-arquitectura-del-software-dsl-ecore-xtext-emf,10,10,1.0
houssemradhouane,Meta-Modelisation-of-Games-Using-UML-Eclipse-Xtext-Acceleo-JAVA,0,0,0
mdsd-team-1,domain-specific-language,6,6,1.0
PalladioSimulator,Palladio-Editors-VSCode,0,0,0
nils-christian,xtend-active-annotation-issue,0,0,0
modicio,feature-dsl-tools,1,2,2.0
HBuender,Aim42Visualizer,0,0,0
scanyboss,ide-yourdsl,0,0,0
spirvdev,dumpsymb,0,0,0
thlaegler,edilang,7,10,1.43
agonzalezgaliana,mydsl-language-server,0,0,0
codezork,DSL-Blog,0,0,0
LorenzoBettini,issue-2000-example,0,0,0
trifonnt,net.adempiere.dsl.properties.spring.parent,0,0,0
scanyboss,hello-world-language,0,0,0
joerg-holtmann,Pretty-Printer_Language-Analysis,13,13,1.0
coffeeframework,HLVL,22,22,1.0
HermanPeeren,eJSL-MPS,0,0,0
kukulkan-project,kukulkan-language-server,0,0,0
mdsd-team-1,dsl-layered-style,0,0,0
larissafiorini,t2-lingProg,0,0,0
ragben,NetzDsl,0,0,0
Cosimo5lli,assertx-swing,0,0,0
gyaltso,Eclipse-Training-Schedules,0,0,0
wzurborg,xtend-example,0,0,0
kyberszittya,simple-ros-code-generator,4,9,2.25
LinguaPhylo,linguaPhyloDSL,0,0,0
dsanmartins,Entidades,0,0,0
opcoach,datasample,0,0,0
bujosa,smart-dsl,8,27,3.38
robinguill,DSL_UML_INSA,0,0,0
DedalArmy,SpringDSLJava,0,0,0
LiamWalsh98,tumlrt-language-server,3,7,2.33
jonev,HTTP-REST-test-DSL,1,1,1.0
ElBilbao,DSL-Wizard-Creator,0,0,0
ooaa30,Wail,0,0,0
Wilson008,GrammarGenerator,0,0,0
ScytherTool,dsl,0,0,0
NaoMod,MiniTL,2,3,1.5
ryangarvey,mde-spec,1,1,1.0
bfMarcelino,SchemeLP,0,0,0
henriklange,ifcBrickConvert,0,0,0
osarenogae,fault_trees_textual_editor,0,0,0
claudenirmf,TPTP-Editor,0,0,0
augustin-rialan,IDM,0,0,0
henriklange,ifcBrickConvertDsl,0,0,0
PikaQin,XModel-Code-Converter,0,0,0
helloyaqin,XModel-Code-Converter,0,0,0
Garlo13,CEPStaticAnalysis,0,0,0
Frederic-Boulanger-UPS,MiniARM-feature,3,5,1.67
Jaddison011,C4EventB,0,0,0
MDEGroup,metatemplating,0,0,0
abdullah-4Mohammed,AWS-EC2-Service_DSL-EMF,0,0,0
grammeaway,math-interpreter-dsl,0,0,0
ahmedsaleh1998,concept_project,0,0,0
Chaimaa-Louahabi,Model-Driven-Engineering,0,0,0
fayssalElAnsari,Kotlin-Meta-Model,3,4,1.33
MisbahAwan,SeamlessRuntimeTransformations,0,0,0
ProjetoDSL,CanopusDesign,0,0,0
Ryuzaki101,Workbench,412,412,1.0
eclipse,xtext,1067,4020,3.77
eclipse,xtext-core,151,338,2.24
eclipse,xtext-xtend,663,2256,3.4
eclipse,xtext-eclipse,5,5,1.0
eclipse,xtext-extras,0,0,0
eclipse,xtext-web,5,5,1.0
xtext,seven-languages-xtext,12,41,3.42
eclipse,xtext-maven,0,0,0
eclipse,xtext-lib,0,0,0
xtext,maven-xtext-example,2,6,3.0
seebk,LaTeXText,0,0,0
cdietrich,xtext-languageserver-example,2,4,2.0
eclipse,xtext-idea,0,0,0
adamschmideg,coffeescript-eclipse,0,0,0
RvonMassow,xDoc,23,71,3.09
xtext,xtext-gradle-plugin,0,0,0
LorenzoBettini,packtpub-xtext-book-2nd-examples,7,7,1.0
PrinceMei,xTextHandler,0,0,0
LorenzoBettini,packtpub-xtext-book-examples,2,2,1.0
theia-ide,theia-xtext,2,2,1.0
svenefftinge,xtext-lsp-workshop,6,7,1.17
ObeoNetwork,Xtext-Sirius-integration,0,0,0
dslmeinte,Xtext2-DSLs,9,9,1.0
merks,Xcore,37,67,1.81
ssi-schaefer,lcdsl,0,0,0
eclipse,xtext-umbrella,0,0,0
danieldietrich,xtext-protected-regions,0,0,0
xtext,xtend-gradle-plugin,0,0,0
aphethean,xtext-maven-examples,1,2,2.0
ckulla,xtext-tycho-example,2,3,1.5
vorburger,xtext-sandbox,6,16,2.67
basilfx,xtext-standalone-maven-build,0,0,0
JakeGinnivan,XText,0,0,0
OLibutzki,xtext.tools,0,0,0
Xpitfire,xtext-dnn,2,17,8.5
LorenzoBettini,Xtext2-experiments,0,0,0
eclipse,xsemantics,27,32,1.19
xtext,xtext-reference-projects,0,0,0
mzaks,FlatBuffersSchemaEditor,0,0,0
vorburger,eLang,0,0,0
fuinorg,emt-xtext-archetype,0,0,0
eclipse-soc,amalgamation-examples-xtext,1,1,1.0
kthoms,xtext-experimental,0,0,0
dsldevkit,dsl-devkit,8,8,1.0
itemis,generator-xtext,0,0,0
att,yang-design-studio,1,1,1.0
martinbaker,xtextadd,0,0,0
LorenzoBettini,edelta,43,311,7.23
sebastianbenz,xgherkin,4,4,1.0
vladdu,xtext.unittesting,3,6,2.0
slizaa,slizaa-opencypher-xtext,0,0,0
xpomul,cdo-xtext,0,0,0
mark-christiaens,Xtext-Models-Stats-View,0,0,0
TypeFox,xtext-jflex,0,0,0
vorburger,eclipse-typescript-xtext,7,13,1.86
patrickneubauer,XMLText,0,0,0
xtext,org.xtext.antlr.generator,0,0,0
boalang,xtext-ide,0,0,0
nittka,terminology,6,7,1.17
veraPDF,veraPDF-model-syntax,0,0,0
TypeFox,languageserver-example,0,0,0
Hellmy,plantuml-eclipse-xtext,0,0,0
stephanrauh,JSFLibraryGenerator,1,16,16.0
loonwerks,jkind-xtext,0,0,0
TatyPerson,Xtext2Sonar,0,0,0
TypeFox,xtext-vscode,0,0,0
svenefftinge,Xtext-Workshop-Development-Workspace,0,0,0
cdietrich,xtext-uml-example,0,0,0
cdietrich,xtext-maven-example,1,1,1.0
marklemay,tptpParser,0,0,0
borgar,xtexts,0,0,0
uqbar-project,xtext-tortuga-lang,0,0,0
dslmeinte,Xtext1-DSLs,5,7,1.4
applause,applause,0,0,0
LorenzoBettini,ecefrance2015-xtext-example,0,0,0
jcmm33,DirectXTextBlock,0,0,0
dhuebner,xtext-apidiff,0,0,0
appdev,XTextView,0,0,0
oehme,xtext-maven-example,2,2,1.0
SMadani,ThriftMDE,0,0,0
xtext,xtext-external-editors,0,0,0
itemis,xtext-generator-vscode,0,0,0
soluvas,ecommerce-sample,0,0,0
tianguanghui,xTextHandler-objc,0,0,0
meysholdt,xtext_stateful_lexer,0,0,0
holgerschill,XtextCon_Xcore_Maven,0,0,0
scottopell,vim-xtext,0,0,0
itemis,xtext-debug-example-no-xbase,0,0,0
TypeFox,Xtext-XMI,0,0,0
joergreichert,XtextPlayground,1,2,2.0
wuwen1030,XTExtension,0,0,0
fuinorg,org.fuin.dsl.cqrs,1,2,2.0
JanKoehnlein,EclipseCon2013_XtextTutorial,3,5,1.67
avaranovich,megal-xtext,21,134,6.38
fuinorg,org.fuin.dsl.ddd,24,62,2.58
arturboronat,xtext.domainmodel,1,1,1.0
otrosien,xtext-perl,0,0,0
cmendible,Hexa.xText,0,0,0
SciSpike,yaktor-dsl-xtext,5,16,3.2
andrearn,org.fornax.soa.xtextservicerepository,50,112,2.24
ujhelyiz,xtext-reflective,0,0,0
szarnekow,xtextcon-xbase-example,2,5,2.5
bsi-software,org.eclipse.scout.xtext,7,29,4.14
cdietrich,xtext-languageserver-xbase-example,2,3,1.5
test-editor,deprecated-test-editor-xtext,21,146,6.95
awk-kazmin,eclipse_1C_xtext,0,0,0
svenefftinge,fowlers-statemachine-with-expressions,0,0,0
copton,XTextExamples,3,5,1.67
GeekBugs,XTextView,0,0,0
akosyakov,org.xtext.example.mydsl.idea,7,7,1.0
vaulttec,isis-script,4,12,3.0
HBehrens,Xtext2Workshop,0,0,0
GrupoHunter,Kukuroo,0,0,0
itemis,xtext-languageserver-example-lsp4e,0,0,0
fatalerrortan,Xtext_Xtend_HTML_Generator,2,6,3.0
spoenemann,xtext-gef,0,0,0
Minres,RDL-Editor,0,0,0
svenefftinge,Guice-Modules-DSL,0,0,0
LorenzoBettini,jbase,7,7,1.0
mn-mikke,Model-driven-Pretty-Printer-for-Xtext-Framework,103,103,1.0
hishidama,xtext-dmdl-editor,0,0,0
cmark,androtext,21,82,3.9
svenefftinge,homeautomation-example,0,0,0
SOM-Research,graphQL-xtext-grammar,1,1,1.0
janesser,frege-xtext,1,1,1.0
szarnekow,org.eclipse.e4.xcss,0,0,0
LorenzoBettini,xtext-scoping,0,0,0
JanKoehnlein,ESE-2010-Tutorial,0,0,0
spoenemann,xtext-orion,0,0,0
Modaptix,xtext-expressions,0,0,0
nittka,Jtag,6,6,1.0
erlide,erlide_xtext,6,6,1.0
cdietrich,xtext-forum-support-example,0,0,0
ESIR2Compilation,Langage-WHILE,12,15,1.25
jhonatan89,gen-angular-grammar,7,14,2.0
Sofiane-13,tutorialXtextSirius,0,0,0
eclipse-soc,amalgamation-examples,7,18,2.57
dvdkruk,xtext-xsd-resourceprovider,0,0,0
marnix,metamath-eclipse-xtext,4,6,1.5
JanKoehnlein,Xtext-Syntax-View,0,0,0
planger,xtext-uml-experiment,0,0,0
rquinio,ck2xtext,28,29,1.04
mzaks,petrinet_dsl,0,0,0
drnappalm,xtext,5,7,1.4
svenefftinge,Xtext-Workshop-Runtime-Workspace,10,10,1.0
martijndwars,XtextXT,0,0,0
nahni,xtextTessla,0,0,0
baidty,xtextLearning,0,0,0
MoayadHn,XtextBDI,0,0,0
fzalila,XtextExperiments,0,0,0
Girish-Venkatesh,XTextSelenium,0,0,0
Vinayakatk,xtextScopes,0,0,0
01Lizard10,XTextUML,1,1,1.0
Salome-Maro,XtextUtils,0,0,0
fanghuixing,XtextApricot,0,0,0
mraminella,xtextTests,0,0,0
Alma2015RSABSAWA,XtextLangage,0,0,0
myorb,XTextParser,0,0,0
Jhinnn,XTextView,0,0,0
kathisai,xtextSample,0,0,0
huibo-shi,XtextExamples,0,0,0
osamu-k,XTextStudy,0,0,0
Treehopper,XTextTemplate,0,0,0
seba111,Xtext1,0,0,0
shinesamjacob,XtextExample,0,0,0
ajperalt,xtext,0,0,0
schakko,xtext-plugin-with-maven-tycho,0,0,0
colameo,xtext4roo,0,0,0
vinpereira,XtextToXMI,0,0,0
JanKoehnlein,XtextCon2014,0,0,0
bink81,xtext-test,0,0,0
xtext42,xtext42-coding,0,0,0
borisbrodski,XtextBug437519,0,0,0
hypery2k,xText,0,0,0
borisbrodski,XtextBug453268,0,0,0
arnulfo-rodriguez,XtextClosureExample,2,8,4.0
superxlx,XTextViewDemo,0,0,0
johnBened,XtextMyDSLExample,0,0,0
philiber92,XtextTestRepository,0,0,0
fabienfleureau,XtextAtStackoverflow,0,0,0
yunxiaocloud,XTextFieldLimtDemo,0,0,0
eclipse,xtext-gradle,0,0,0
Mensmec,THESIS_XTEXT,0,0,0
MacJariel,sandbox-dsl,1,1,1.0
chetanladdha,XtextFormatingHoverSample,0,0,0
ainslec,XTextCustomLexerExample,0,0,0
hem28,DSL_Xtext2.3,0,0,0
HBuender,XtextAndSiriusIntegration,2,2,1.0
meysholdt,EclipseCon2014_XtextTutorial,3,4,1.33
jaimedelgado,Xtext,0,0,0
chris125964,xtext,0,0,0
DonRenando,xtext,0,0,0
martijndwars,Xtext,0,0,0
ozkandemir,XText,0,0,0
johnahfong,xtext,0,0,0
Mensmec,Xtext,0,0,0
pellcorp,xtext,1,4,4.0
Tutti91,Xtext,0,0,0
ANCIT,xtext-examples,0,0,0
DECENTSoftwareAssessment,dag.m1x,0,0,0
rmemory,xtext,1,1,1.0
deb-sandeep,com.sandy.xtext.jovenotes.tests,0,0,0
yasuohosotani,Xtext,0,0,0
Nika24,Xtext,0,0,0
BenediktNiehues,de.nie.fin,0,0,0
AlexElvers,XText,0,0,0
lakzso,xtext,0,0,0
seba111,Xtext,0,0,0
MacJariel,xtext,1,1,1.0
tmtron,xtext.15minTutorial,0,0,0
blewis13,Boxes,0,0,0
DECENTSoftwareAssessment,famix.m3x,0,0,0
dslmeinte,SimScript,9,9,1.0
webdaford,aqleditor,0,0,0
goldschmiede,2012-02-03_dsls_mit_xtext,0,0,0
kthoms,org.eclipse.xtext.example.domainmodel,0,0,0
Reitzner,xtextmaven,1,1,1.0
hectorsun,xtextonboost,0,0,0
duck2,xtextbg,0,0,0
HolyCityAudio,SpinCAD-Builder,0,0,0
ceefour,glproto,1,1,1.0
DECENTSoftwareAssessment,dag.m1x.tests,0,0,0
gvd,xtext-sm,0,0,0
davidmpaz,php.ware.web.ui,0,0,0
DanielWeber,xtextext,0,0,0
fzalila,xtextfsm,1,2,2.0
DECENTSoftwareAssessment,dag.m1x.sdk,0,0,0
jgoppert,xmodelica,0,0,0
Vinayakatk,xtextgeneratetest,0,0,0
deb-sandeep,com.sandy.xtext.jovenotes,0,0,0
DECENTSoftwareAssessment,dag.m1x.ui,0,0,0
viatra,viatra-evm-xtext,2,2,1.0
protossoftware,ReqText,2,5,2.5
meysholdt,e4dsl,0,0,0
benzait27,Xtext.Promo,0,0,0
malakeel,myDsl,0,0,0
npalix,org.eclipse.xtext.example.arithmetics,0,0,0
sormgabriel,textual_verduler,0,0,0
ekowahyudi,examplextext,0,0,0
DECENTSoftwareAssessment,famix.m3x.ui,0,0,0
nakul02,sialx-xtext-ide,0,0,0
kduske-n4,DomainModel,0,0,0
Infoly,SmallJava,0,0,0
inakuhn,de.htwg.mdse.setgame.entities.parent,0,0,0
mlanoe,x-vhdl,0,0,0
DECENTSoftwareAssessment,famix.m3x.tests,0,0,0
nkonev,CalcXtext,1,1,1.0
meysholdt,xtext_examples,0,0,0
manuelleduc,xtext-lib,0,0,0
xarvey,atom-xtext-package,1,8,8.0
LolloCorte,bpel-xtext,0,0,0
sciolizer,xtext-sandbox,0,0,0
denschu,xtext-whitespace,0,0,0
pablitar,claseXtext,1,1,1.0
DECENTSoftwareAssessment,famix.m3x.sdk,0,0,0
tdegueul,xtext-composition,2,3,1.5
danieldietrich,xtext-javatools,1,1,1.0
akademia,ontouml-xtext,0,0,0
efuentesp,codebuilder-xtext,0,0,0
zrrk,xtext-utils,0,0,0
juli1,xtext-debug,0,0,0
nbhusare,Xtext-sandbox,3,3,1.0
jachinte,xtext-grammars,0,0,0
susieagerholm,XTEXT_EXAMPLE,0,0,0
itemis,monaco-xtext,0,0,0
xiaoyvr,xtext-demo,0,0,0
hmc-cs111-fall2015,picobot-XText,0,0,0
yanntm,Xtext-Light,0,0,0
quendimax,libXtextcursorchanger,0,0,0
Ikraminfo,GrammaireXtext,0,0,0
nickeeyyoo,xtext_project,0,0,0
marinamygithub,xtext_project,2,2,1.0
lukashaertel,xtext-xgen,2,2,1.0
fmca,xtext-typesystem,8,19,2.38
almazhou,xtext-demo,6,6,1.0
Huluvu424242,xtext.example,0,0,0
kiddochan,xtext-typesystem,8,19,2.38
mmalohlava,ppXtext,0,0,0
ponta027,xtext_practice,0,0,0
bhdrkn,Xtext-Examples,3,4,1.33
fatalerrortan,Xtext-examples,0,0,0
gcr-nist,runtime-Xtext,0,0,0
fBrx,language-xtext,0,0,0
ilya-klyuchnikov,sll-xtext,0,0,0
vonbolt,Xtext_test,0,0,0
rytina,xtext-typesystem,8,19,2.38
philiber92,xtext-utils,0,0,0
thomasfischl,xtext-workshop,1,1,1.0
jbadeau,ng-xtext,0,0,0
OliverScherf,MGPL-Xtext,2,2,1.0
szarnyasg,gradle-xtext,0,0,0
malbac,Xtend_Xtext,0,0,0
gitpan,Convert-XText,0,0,0
rmemory,xtext_eclipse,0,0,0
lukashaertel,xtext-technocat,1,1,1.0
lukashaertel,xtext-xtestgen,0,0,0
zhangyuanqiao,selenium-xtext,0,0,0
cooked,modelica-xtext,0,0,0
pablitar,firewall-xtext,1,1,1.0
hamza-abed,JSEditorXtext,0,0,0
Virtlink,paplj-xtext,1,2,2.0
kwanggy,xtext-sublime,0,0,0
thicket-lang,thicket-xtext,0,0,0
agentlab,xtext-web,8,8,1.0
test-editor,xtext-dropwizard,0,0,0
kecskesk,xtext-menetrend,1,2,2.0
ftrifin,xtext-utils,0,0,0
scottopell,xtext_utils,0,0,0
lukashaertel,xtext-fsml,0,0,0
sahrmann,xtext-json,0,0,0
Modaptix,xtext-utils,0,0,0
itemis,xtext-issues,0,0,0
holzem,xtext-lexertrace,0,0,0
victorlacorte,Tcc,0,0,0
limelanguage,lime-xtext,0,0,0
edgarmueller,xtext-recordmapper,0,0,0
santoshdeshpande,wwf-xtext,0,0,0
MatzeGIT,XText-maven,0,0,0
tkurita,XText.scptd,0,0,0
t-buss,mgpl_xtext,0,0,0
dvdkruk,xtext-workshop,6,7,1.17
npalix,org.xtext.example.mde,0,0,0
logicfish,XActiv,0,0,0
kittaakos,webcalc,0,0,0
evandor,skysail-prototypr-dsl,0,0,0
iensen,certware-l-editor,0,0,0
vladimirkozhaev,casualintellect_new_wizard,1,1,1.0
TinyScream,org.xtext.amodel,0,0,0
M2TIIL2016-2017,SiteWeb_XText,1,1,1.0
schakko,hackcamp-xtext-automotivebus,0,0,0
sfinnie,xtext.scoping.adventures,0,0,0
jpaw,bonaparte-apidsl,0,0,0
rainerschuster,yacc-ide,0,0,0
schakko,xtext-bug-436688,1,1,1.0
dhuebner,xtext-builddsl-tycho,1,1,1.0
matejsp,lwc13-xtext,6,25,4.17
ftrifin,xtext-utils.uml,0,0,0
mbarbero,xtext-forms-integration,0,0,0
FForw4rd,xtext-restriction-framework,0,0,0
zrrk,xtext-utils.devenv,0,0,0
ftrifin,xtext-utils.xtend,0,0,0
svenefftinge,xtext-jaxcon-example,2,2,1.0
LorenzoBettini,xtext-demo-laquila,0,0,0
jakecobb,xtext-iris-datalog,0,0,0
Huluvu424242,rezept-dsl.xtext,0,0,0
philiber92,xtext-utils.unittesting,0,0,0
philiber92,xtext-utils.distribution,0,0,0
phaldan,htwg-cform-xtext,0,0,0
itemis,xtext-example-conplan,0,0,0
LorenzoBettini,Xtext-Buckminster-Example,0,0,0
LorenzoBettini,xtextcon-typesystem-example,0,0,0
dhuebner,org.xtext.example.tycho,0,0,0
agentlab,eclipse-orbit_xtext-web,0,0,0
Tutti91,xtext_language_bla,0,0,0
LeonoraG,xtext-req-editor,0,0,0
xarvey,atom-xtext-autocomplete,0,0,0
franzbecker,xtext-formatter-problem,0,0,0
ftrifin,xtext-utils.distribution,0,0,0
Fritzi,XText_TeSSLa,0,0,0
madasar,booster2-xtext,0,0,0
TypeFox,xtext-splitted-repo,0,0,0
zrrk,xtext-utils.uml,1,1,1.0
zrrk,xtext-utils.xtend,0,0,0
ftrifin,xtext-forms-integration,0,0,0
JanKoehnlein,fxdiagram-xtext-examples,0,0,0
ubx,openair,1,1,1.0
rju,xtext-typing-example,1,1,1.0
philiber92,xtext-utils.xtend,0,0,0
Advanced-Model-Engineering-SS16,xtext-ocl-extensions,9,9,1.0
zrrk,xtext-utils.distribution,0,0,0
Johanvdberg,mcrl2.xtext,0,0,0
kryptonite22,rsbac.xtext.dsl,0,0,0
tkleszczynski,jug-zgora-xtext,1,1,1.0
philiber92,xtext-utils.devenv,0,0,0
jeffmaury,devoxx2012-xtext,3,3,1.0
YonedaMasashi,xText_Practice,1,1,1.0
jackqq,xTextEdit,0,0,0
ftrifin,xtext-utils.unittesting,0,0,0
lgcardeas,xtext-forms-integration,0,0,0
vrichard12,xtext-forms-integration,0,0,0
itemis,xtext-monaco-example,0,0,0
pabu90,xtext-ci-test,2,2,1.0
EricssonPlant,plantuml-xtext-light,0,0,0
zrrk,xtext-utils.unittesting,3,3,1.0
LorenzoBettini,xtext-index-experiments,2,3,1.5
ftrifin,xtext-utils.devenv,0,0,0
inteldict,xtext-gradle-demo,0,0,0
cdietrich,xtext-multi-dsl,0,0,0
hachreak,dmss.pouex.xtext,1,1,1.0
lunifera,lunifera-xtext-runtimebuilder,1,1,1.0
sikessle,xtext-forms-integration,0,0,0
priya0311,xtext-forms-integration,0,0,0
philiber92,xtext-utils.uml,0,0,0
talalong,dbFactoryXtext,0,0,0
stackoverflowmailer,lwc13-xtext,6,25,4.17
willy2706,if4150-xtext,1,1,1.0
wwu-pi,acse-xtext-validation,1,1,1.0
ProgrammableDrones,xTextLanguage,0,0,0
stefano-bragaglia,Kinect-ECE-XText,0,0,0
wwu-pi,acse-xtext-gui,1,1,1.0
peterssas,xtext-gradle-problem,1,2,2.0
zhoumin03,xtext-forms-integration,0,0,0
gcubar,CodeXcessXtext,3,8,2.67
cdietrich,xtext-ecore-xcore,0,0,0
ayoubziat,xtext_DSL_example,0,0,0
xiaoyvr,xtext-demo-oxygen,0,0,0
test-editor,deprecated-xtext-index-backend,0,0,0
kuniss,Aqua,0,0,0
npalix,org.eclipse.xtext.example.fowlerdsl,0,0,0
dslmeinte,xtext-workshop-code1,7,13,1.86
chauhansaurabhb,Eclipse-Xtext-Mydsl-Plugin,0,0,0
oyse,jetson,5,7,1.4
zwgirl,summer,1,1,1.0
rymarenkosuccess,Coffeescript-Eclipse,0,0,0
felipedf,compiler,0,0,0
logicfish,XPlane,0,0,0
LorenzoBettini,Xtext-Xtend-Buckminster-Example,0,0,0
vorburger,eclipse-typescript-xtext-repository,0,0,0
pankeshpatel,EclipsePluginForXtext,0,0,0
Hellmy,plantuml-eclipse-xtext_update,0,0,0
xpomul,xtext-multi-edit-example,0,0,0
tmtron,xtext.eclipse.15minExtended,0,0,0
deb-sandeep,com.sandy.xtext.jovenotes.ui,0,0,0
ftrifin,xtext-utils.xtend1,0,0,0
szarnekow,xtext-arithmetics-web-example,0,0,0
wwu-pi,acse-xtext-knuth-binaries,1,1,1.0
jwachter,xtext-serializer-issue-example,0,0,0
DemidovAlexander,Xtext_MiniJava_IDE,16,16,1.0
camilagarcia113,xtext-dsl-obj3,0,0,0
cdietrich,gradle-xtext-xtend-problem,0,0,0
uqbar-paco,firewall-dsls-externos-xtext,2,2,1.0
svenefftinge,Xtext-LWC-contribution--Instances-,0,0,0
rainerschuster,eclipse-webidl,0,0,0
willy2706,if4150-xtext-html,0,0,0
phaldan,htwg-cform-xtext-demo,0,0,0
hypery2k,Xtext-GrammarMixin-Example,0,0,0
philiber92,xtext-utils.subproject-template,0,0,0
zrrk,xtext-utils.subproject-template,0,0,0
thowin,ituXtextLandinConfigurator,0,0,0
philiber92,xtext-utils.xtend1,0,0,0
claudenirmf,old-tests-on-xtext,4,7,1.75
zouhairireda,xtext-ocl-xtend-poc,0,0,0
franzbecker,xtext-serializer-parallel-problem,0,0,0
lunifera,lunifera-xtext-runtimebuilder-example,0,0,0
ftrifin,xtext-utils.subproject-template,0,0,0
fluxtah,xtext-android-gradle-example,0,0,0
hypery2k,Xtext-Maven-BuildExample,0,0,0
kittaakos,xtext-eclipse-gh-238,0,0,0
MatzeGIT,XText-Maven-CleanStart,0,0,0
Rodolfocostapr,org.xtext.example.pascalito,0,0,0
deb-sandeep,JoveNotesProcessor,0,0,0
zrrk,xtext-utils.xtend1,0,0,0
tanthingdeveloper3unshine,AutoCompleteXTextView,0,0,0
loradd,uml-xtext-grammar-generator,0,0,0
RobertWalter83,DialogScriptDSL,0,0,0
vicegd,org.xtext.dsl.restaurante,1,1,1.0
paulluap,xtext-extras-issue216,2,2,1.0
dhakehurst,net.akehurst.example.xtext.vertx,0,0,0
alvilgau,de.htwg.xtext.setGame,0,0,0
nittka,Xarchive,4,8,2.0
rdurelli,com.br.refactoring.xtext.dsl,0,0,0
tmtron,xtext.15minTutorial.project,0,0,0
agentlab,eclipse-orbit_xtext-web-dsls,0,0,0
threadedblue,org.eclipse.xtext.example.domainmodel,0,0,0
cdietrich,xtext-existing-metamodel-gradle-example,0,0,0
wrungel,tycho.xtext.mwe2.test,0,0,0
Scholvac,EclipseTaskJuggler,1,1,1.0
ftmdida,xtext_code_gen_version_2,0,0,0
alexwatts,xtext-j2ee-dsl,42,67,1.6
cdietrich,xtext-gradle-plugin-issue-60,0,0,0
thowin,ituXtextLandin2Configurator,0,0,0
jkouwer,basicfamily,0,0,0
goldschmiede,2011-02-18_xtext_apache_wicket,0,0,0
nileshrege,El,0,0,0
deparlak,de.htwg.mdsd.xtext.portals,0,0,0
shashwatanand,org.shashwat.xtext.smallJava,0,0,0
mmalohlava,gpp-for-xtext-master-thesis,0,0,0
dexz92,Integrating-Xtext-and-JavaRAG,0,0,0
Rodolfocostapr,org.xtext.example.pascalitoOld,0,0,0
KasperGam,IGESImport,4,7,1.75
fuinorg,xsample,1,1,1.0
florianpirchner,beantypes,0,0,0
cdietrich,xtext-gradle-plugin-issue-61,0,0,0
rdurelli,com.br.refactoring.xtext.dsl.ui,0,0,0
threadedblue,org.eclipse.xtext.example.domainmodel.tests,0,0,0
rdurelli,com.br.refactoring.xtext.dsl.tests,0,0,0
shashwatanand,org.shashwat.xtext.smallJava.ui,0,0,0
tmtron,xtext.eclipse.15minExtended.project,0,0,0
chqu1012,MetroUiDescriper,0,0,0
rainerschuster,sygus-ide,0,0,0
jacruzca,xtext-multilanguage-multiple-target-impl-reuse,7,7,1.0
qscdfg,mybash,0,0,0
eirikg,XbaseSiriusIntegration,1,1,1.0
nohum,android-code-generation,0,0,0
gvd,zest-sm,0,0,0
uqbar-paco,declaratividad-orm-java,1,1,1.0
shashwatanand,org.shashwat.xtext.smallJava.tests,0,0,0
dhakehurst,net.akehurst.example.xtext.vertx.lsp,0,0,0
vztpv,ClauTextWithEclipse,0,0,0
goldschmiede,2011-04-29_xtext_service_repository,0,0,0
markusvoelter,DSLEngBook-Xtext-P3Demo,0,0,0
ESIR2Compilation,PrettyPrinter,0,0,0
bmael,MVCLang,0,0,0
zhou-jg,tefler,0,0,0
bogdanvuk,xvhdl,0,0,0
marcotinacci,XTuring,0,0,0
threadedblue,org.eclipse.xtext.example.domainmodel.ui,0,0,0
joergreichert,OperationsResearch,0,0,0
tommyettinger,julepp,0,0,0
masters-info-nantes,SmokingText,6,6,1.0
daniel-laszlo,temalabor,1,1,1.0
Communote,communote-restws,0,0,0
vorburger,FormGeneratorPOC,0,0,0
nittka,pocesl,0,0,0
logicfish,POMText,0,0,0
cdietrich,https---github.com-meysholdt-xtext_stateful_lexer,0,0,0
bogdanvuk,xrst,0,0,0
meysholdt,performance_probes,0,0,0
agentlab,PowerLoomDSL,10,10,1.0
rainerschuster,jdl-ide,0,0,0
JoostvanPinxten,SDF3-editor,1,2,2.0
ceefour,emf-sandbox,0,0,0
Mehdi23,FlexoModelingLanguage,0,0,0
atanaka,experimental-rmodp-dsl,1,1,1.0
leolimasa,reqlang,0,0,0
smba,model-based-times,0,0,0
DavidFosterLuhmann,high-dim,0,0,0
test-editor,deprecated-test-editor-index-backend,0,0,0
sidz8690,EasyUnit,0,0,0
lsotnk,lsotnk.xbase.launching,0,0,0
Tim-S,ReqLNG,0,0,0
helunwencser,PAOC,0,0,0
nakul02,sysml.dml,0,0,0
rainerschuster,tlsf-ide,0,0,0
rainerschuster,asdl-ide,0,0,0
N0P0x90,EclipseExamples,0,0,0
martinmuellenberg,cityplanning,1,1,1.0
newdigate,soa-dsl-scaffolding,0,0,0
evansnicholas,yaxpath,0,0,0
nittka,ASP,0,0,0
josros,boby,1,1,1.0
danhaywood,kemble,0,0,0
schakko,bsc-thesis-documentation,0,0,0
szarnekow,mongoBeans,1,4,4.0
timeraider4u,external_jar_download,0,0,0
Buggaboo,xplatform,0,0,0
jonathankoehn,entitygenerator,0,0,0
marcusphi,polopoly-dsl,1,1,1.0
alexisfacques,dsl-feature-modelling,2,4,2.0
sbrocard,statemachine-generator,3,3,1.0
JPL-IMCE,gov.nasa.jpl.imce.oml.core,2,4,2.0
PuneetPatwari,system-map-maker,0,0,0
atanaka,DomainmodelWithCrossReference,2,2,1.0
cedricvidal,protobuf4e,0,0,0
rowlo,testdsl,0,0,0
joergreichert,Cool,0,0,0
WesleyMarques,CompiladorJava,0,0,0
tommyettinger,kobold,0,0,0
stolorz,RankPL-EclipsePlugin,0,0,0
UnibgInfo3A,ebnfworkbench,5,12,2.4
sergiowebo,RaspduinoDSL,0,0,0
Remypoc,CmooSimpleJ,0,0,0
majordomo,majordomo,1,22,22.0
ryanignatius,CheckerDSL,8,26,3.25
raynair,webml,0,0,0
arbennett,ParserGeneratorExample,0,0,0
OElabed,Model-Driven-Engineering--Eclipse-RCP-plugin--Software-product-line,37,37,1.0
renaudhelias,MameVHDL,0,0,0
cwiscount,mydsl-emf-gen,0,0,0
rmuecke,clinicaltrialcreator,0,0,0
mythicfreak,aomxsgrammar,0,0,0
diverse-project,melange-studio,0,0,0
marcotinacci,Event-Oriented-Language,2,9,4.5
ksza,Bicycle-Shop,1,1,1.0
marcotinacci,SwarmRobotics,0,0,0
Padmar1995,gh,0,0,0
