owner,repo,total_files,total_commit_count,average_commit_count
waynepiekarski,XTextureExtractor,0,0,0
TypeFox,theia-xtext-sprotty-example,1,1,1.0
altran-mde,xtext-sirius-integration,8,22,2.75
graph-quilt,graphql-xtext,1,7,7.0
TypeFox,vscode-xtext-sprotty-example,1,1,1.0
eclipse,xtext-website,0,0,0
intuit,common-xtext-expression-language,1,2,2.0
PacktPublishing,Implementing-Domain-Specific-Languages-with-Xtext-and-Xtend,11,11,1.0
resloved,xtext,0,0,0
lurenzhangdeshuai,EmojiText-XText,0,0,0
kuniss,xtext-ide-extensions,1,4,4.0
graph-quilt,xtext-service-dsl,1,1,1.0
btc-ag,service-idl,1,11,11.0
eventB-Soton,XUML_B,1,3,3.0
Minres,CoreDSL,1,73,73.0
TypeFox,xtext2langium,0,0,0
v-bashev,post_core,2,36,18.0
NielsLiisberg,RPG-lexer,1,3,3.0
OpenSextant,XText,0,0,0
laubfall,jugh-xtext-arkanoid,1,5,5.0
khabdrick,LambdaXtextract,0,0,0
bsati,mgpl-xtext,2,6,3.0
UnBCIC-TP2,Oberon-XText,2,2,1.0
TopXDevTeam,TopXTextUI,0,0,0
ngreve,xtext_web,0,0,0
nmaoez,composer-language-server,1,2,2.0
FAMILIAR-project,xtext-dsl-compiler-example,2,2,1.0
eventB-Soton,XTheory,1,6,6.0
program-in-chinese,xtext_tutorial_15_min_zh,2,7,3.5
code-kontor,openCypher-Xtext,1,2,2.0
eclipse,epsilon,2,3,1.5
UnBCIC-TP2,Oberon-IDE,1,1,1.0
idiomaticsoft,xtext-tips,22,22,1.0
atb,pt.isep.dsl.puml,2,3,1.5
Webastronaut,mgpl,1,1,1.0
PAMunb,MetaCrySL,1,47,47.0
raghvendra-v,tosca-yaml-lsp,1,3,3.0
zxhr,gradle-xtext-generator,3,3,1.0
tmtron,ex.xtext.lsp,1,2,2.0
echebbi,standalone-xtext-example,1,1,1.0
darvasd,xtext-docs-gen,1,1,1.0
jcabot,WordPress-Plugin-DSL,1,13,13.0
JensBAndersen,PolicyLanguage,1,3,3.0
Zannith,XtextTest,0,0,0
AnnaLenaMeiners,XtextExamples,2,2,1.0
Kerolos77,XTextEditor,0,0,0
Mabar16,xtextMath,1,1,1.0
holgerschill,xtextCodebuff,0,0,0
devzwy,XTextView,0,0,0
mraminella,XtextExamples,4,4,1.0
msntts,XtextStudy,2,3,1.5
chiachong,XTextClassification,0,0,0
vinisbranco,XtextGerador,0,0,0
pakhopav,XtextPlugin,124,124,1.0
IamRaziel,XtextTutorial,1,1,1.0
dstoft,XtextWorkspace,4,8,2.0
MisbahAwan,XtextCollaborativeEnvironment,4,4,1.0
pakhopav,XtextLanguage,0,0,0
fonuhuolian,XTextView,0,0,0
RomainLefeuvre,xtextHW,3,3,1.0
BestCoderXQX,XTextFlagDemo,0,0,0
vinisbranco,XtextTrabalho2,2,2,1.0
loicperreal,Xtext,0,0,0
goflyboy,xtextsample,0,0,0
SharkJ,XtextInheritanceTest,4,4,1.0
hewenyuAndroid,XTextView-Android,0,0,0
OLibutzki,XtextExtras446,1,1,1.0
vinisbranco,XtextJavaScript,0,0,0
AndreasGroentved,XtextDSL2018,1,20,20.0
robertchristen,XTextCategorizer.Demo,0,0,0
alvarofpp,tutorial-xtext,1,3,3.0
pakhopav,XtextLanguageGradle,62,75,1.2096774193548387
pakhopav,xtext,1,3,3.0
adamhorvath88,Xtext,1,3,3.0
0xMYsteRy,Xtext,6,7,1.1666666666666667
taylorlohan,XtextHealth2.0,0,0,0
Caroline66666,xtext,0,0,0
xuxiaowen87,XText,0,0,0
MisbahAwan,xtext,2,4,2.0
ichxorya,failed-xtext2vscode-example,1,1,1.0
hwong23,dsl.evtool,2,12,6.0
RobMoloney,xtext,10,12,1.2
l1ppe,xtext,1,1,1.0
madhouni,wps-ecore-ocl-xtext,0,0,0
MISO4202,uniandes.mdd.xtext2xmi,0,0,0
tchebs,xtext,2,2,1.0
mlopez8621,xtext,2,4,2.0
magick93,xtext,4,4,1.0
ShivaniBali,Theia-Xtext-Yangster-Project-,1,1,1.0
ehah,XtendExample,0,0,0
MISO4202,co.edu.uniandes.gramaticajmeter,2,2,1.0
vks2106,prenum,0,0,0
drkstr101,hello-xtext,2,14,7.0
arthurmosley,Essex-Test,0,0,0
eclipse,xtext-website-publish,0,0,0
jflopezfernandez,xtextutils,0,0,0
AlanQuadros,xtextlpmangan,2,8,4.0
jonaslagoni,JSON-Schema-to-internal-DSL,1,8,8.0
OezzyB,e-portfolio-Xtext,3,3,1.0
fedorov-vk,apds_dsl,2,8,4.0
zinon,xtextminer,0,0,0
mustafa231,xtexteditor,0,0,0
MOSafely,xtextrepo,0,0,0
bproenca,mpti-dsl,2,6,3.0
LorenzoBettini,xtext-domain-model-guice-5,1,1,1.0
BlackBeltTechnology,karaf-features-eclipse-xtext,0,0,0
vashchenkov,xtext-samle,1,1,1.0
germono,FormXtext,1,1,1.0
Quingo,compiler_xtext,1,3,3.0
ShrawanBK,xtext_salestransaction,2,2,1.0
tshoang,XMarking,2,3,1.5
szschaler,henshin_xtext_adapter,0,0,0
hakimuga,BIP-language,1,1,1.0
adautofbn,pascal-xtext,2,8,4.0
efuentesp,Xtext-UCS,1,2,2.0
preesm,ripacola-xtext,1,2,2.0
wibeck,testXtext,2,2,1.0
msun68,xtext-examples,1,1,1.0
xTexturedxx,xTexturedxx,0,0,0
HexXText,HexXText,0,0,0
Gricel-lee,Xtext-Maven,1,1,1.0
kolchanov,org.xtext.example.mydsl.parent,2,6,3.0
kecksk0enig,vuc-xtext,1,3,3.0
EvdokimovMaks,xtext-expressions,1,1,1.0
Sorokatov,xtext-demo,0,0,0
uppaal-emf,uppaal-xtext,1,3,3.0
matheuslenke,Xtext-UML,4,12,3.0
r4mtor,xtext-talks,1,3,3.0
nbhusare,xtext-playground,6,6,1.0
kokostino,xtext_kokomodel,4,16,4.0
GiordanoT,ocl-xtext,2,2,1.0
dr-jam,ABL-XText,1,3,3.0
lahirugayanga,xtext-projection,2,2,1.0
daniel614,xtext-webapp,2,10,5.0
Spiderixius,DSLIndividualXtext,1,3,3.0
mdsd-team-1,photos-xtext,1,9,9.0
efuentesp,xtext-cobol,1,25,25.0
torosky,Libreria-Xtext,0,0,0
MaxiEckert,Xtext-example,2,2,1.0
as500,xtext-rpgle,0,0,0
JavierOramas,AudiXText,0,0,0
xtext,xtext-monorepo,231,545,2.3593073593073592
vjordan,Xtext_browser,2,2,1.0
Yop-La,xtext_project,1,2,2.0
JesterOrNot,Gitpod-XText,1,1,1.0
eclipse,xtext-archive,0,0,0
Lethalaric,xtext-learning,2,2,1.0
DSIE2,tr.xtext,1,1,1.0
ShivaniBali,Theia-Xtext,2,2,1.0
kthoms,xtext-webinar,0,0,0
christopherosthues,mgpl-xtext,1,2,2.0
zhanglin2018,learnXtext,4,6,1.5
seebgar,Xtext-Projects,2,2,1.0
Vallenstein,xtext_web,2,16,8.0
AbQadirr,dialogXtextflow,0,0,0
blue995,xtext-orm,1,6,6.0
arockiaraj1994,xtext-mvn,2,2,1.0
moein9,passXtext,0,0,0
saivarunr,xtext-editor,0,0,0
JesterOrNot,xtext-cli,0,0,0
Somiacao,xtext-web,1,1,1.0
katmatt,graphql-xtext,1,5,5.0
LIONant-depot,xtexture_compiler,0,0,0
tchebs,xtext-example,0,0,0
ballcoach12,xtext_samples,0,0,0
AssaX0,MDSE-xtext,1,1,1.0
samples-projects,sample-xtext,1,1,1.0
karthik137,xtext-demo,2,2,1.0
MDE-Course-23-24,SIRIUS-XTEXT,1,1,1.0
softlang,megal-xtext,1,27,27.0
laurocesar,xtext-domainmodel,1,1,1.0
Yahaya12,Xtext-project,0,0,0
malhxr,SpeechXtext,0,0,0
stanimirovv,xtext-extractor,0,0,0
3m3k3,xtext-congen,1,1,1.0
pen-zhang,xtext_elm_editor,0,0,0
NSaitoNmiri,toppers_cfg_xtext,1,3,3.0
tmtron,ex.xtext.twog,2,5,2.5
vinicius0197,metacrysl,1,2,2.0
Dexels,navascript-editor,1,19,19.0
adrianrutle,PCS953-EMF-Exercise,0,0,0
ravornyo,xspice,2,2,1.0
yamen-njm,IotXtext,2,2,1.0
kainzpat14,xtext-plsql,1,9,9.0
epsilonlabs,emc-xtext,0,0,0
robertovillarejo,kukulkan-grammar,1,7,7.0
lvanzeun,ulm-xtext-test,1,2,2.0
purerstamp,N7.compilateur,1,8,8.0
jaedabee,xtext-gradle-test,0,0,0
MassiBelaid,M-langeuse-Xtext,2,4,2.0
qxe35v,xtext_encoding_dsl,2,10,5.0
random-eclipse,nix-eclipse-xtext,1,1,1.0
meta-doodle,Xtext_Gradle_Test,1,2,2.0
LiamWalsh98,nusmv-xtext-lsp,2,2,1.0
MaximilianKoestler,vscode-xtext-links,0,0,0
AhmedEssam2212,xText-Editor-,0,0,0
adrinerDP,DSL-with-Xtext,2,2,1.0
cdietrich,xtext-domainmodel-ls,2,2,1.0
tmtron,ex.xtext.ml,3,9,3.0
andrewsandu,xtext-web-example,1,1,1.0
pngowda,xtext-build-tools,0,0,0
SharkJ,xtext-dsl-sample,2,2,1.0
hammedb197,team-hacktive-xtext,0,0,0
SimonCockx,xtext-monaco-example,1,1,1.0
mister-walter,xtext-folding-issue,1,1,1.0
alexvolh,xtext-xml-grammar,1,1,1.0
SharkJ,my-theia-xtext,1,1,1.0
urbanoanderson,xtext-gait-model,1,1,1.0
vjordan,Xtext_directory-file,2,2,1.0
JosBouwhuis,xText-DSL,0,0,0
CS130-W20,assignment-2-xtext,0,0,0
lunifera,xtext-jvmtypeprovider-standalone,0,0,0
bobbyfisher1,eclipse-workspace,2,2,1.0
dsl-course,xtext-entities-tutorial,1,1,1.0
Highbrainer,xtext-pde-target,0,0,0
mattsse,xtext-fipa-acl,1,1,1.0
XIECHO,qingo_xtext_documentation,0,0,0
FariSoftware,xtext-problem-matcher,0,0,0
ShrawanBK,xtext.sales.transactions,0,0,0
Lzgpom,xtext-gen-extension,5,5,1.0
drkstr101,Domainmodel,1,1,1.0
vinicius0197,expressions-dsl,1,3,3.0
LorenzoBettini,xtext-xdoc-releases,0,0,0
KarstenWilken,xTextForum,1,1,1.0
S-wald,xtext-plugin-gradle,2,3,1.5
lahirugayanga,xtext-example-dsl,2,2,1.0
cdietrich,xtext-fragment-experiments,1,1,1.0
cdietrich,xtext_bug_1974,1,1,1.0
bergmanngabor,xtext-railmap-demo,1,1,1.0
mchlrch,xtext-intro-bfh,1,1,1.0
EvdokimovMaks,xtext-example-entities,1,2,2.0
cipek,MyFirstXText,2,4,2.0
pngowda,xtext-ci-libs,0,0,0
paulvberlin,BaSiriusXtext,1,1,1.0
szarnyasg,sql-pgq-xtext,2,9,4.5
frademacher,xtext-jpms-test,0,0,0
xtext,xtext-monorepo-lfs,0,0,0
LorenzoBettini,xtext-build-utils,3,1,0.3333333333333333
cdietrich,xtext-two-dsls,2,2,1.0
balazsgrill,xtext_bug508518,1,1,1.0
Tim-S,xtext-valueconverter-example,2,2,1.0
ayakurtam,xText-Editor,0,0,0
HouseBuilder-MDE,HouseBuilder-Xtext,1,3,3.0
xtext,xtext-orbit-replacement,0,0,0
fedorov-vk,xtext-xcore-sample,1,1,1.0
gustavotemple,mo631xtext,1,2,2.0
Tim-S,xtext-mapbasedscope-example,1,1,1.0
shakenetwork,xTextHandler,0,0,0
GabrielBozza,ProjetoXtextPFC,2,4,2.0
HexXText,HexXTextSMP,0,0,0
snarkipus,xtext-dsl-book,1,2,2.0
fedorov-vk,xtextxtend-book-examples,8,20,2.5
ArneDeutsch,xtext-gradle-example,6,6,1.0
oliver-reinhard,xtext-ppt-demo,1,1,1.0
tpluscode,xtext-completion-nullpointer,2,3,1.5
idiomaticsoft,sbt-xtext-plugin,0,0,0
pen-zhang,online_elm_xtext,2,4,2.0
raglu,ExternalDSL-xtext,1,16,16.0
kulcsii,xtext-railmap-theia,2,2,1.0
NiccoMlt,xtext-showdown-grammar,1,3,3.0
NinjaArmy,xtext-language-server,0,0,0
jnt0r,xtext-npe-reproducable,2,2,1.0
HermanPeeren,eJSL-ANTLR4,0,0,0
cs130-w21,statemachine,1,1,1.0
csbc92,MDSE-assignment3,1,3,3.0
ghillairet,org.example.mydsl.parent,1,1,1.0
antoine-morvan,caph-java-parser,1,8,8.0
abatti,XTEXT_FACPL3_PreserveVarious,0,0,0
tfLabs,xtext-languageserver-example-duplicator,1,1,1.0
LorenzoBettini,xtext-maven-plugin-example,1,3,3.0
cdietrich,xtext-eclipse-issue-1009,0,0,0
patrickneubauer,UoY-MODE-XTEXT,3,3,1.0
cau-se,sprat-ecosystem-dsl-xtext,1,1,1.0
cdietrich,theia-xtext-vscode-example,0,0,0
cdietrich,j9-tycho-xtext,1,1,1.0
loradd,xtext-lsp-ecore-support,1,1,1.0
nnn911,LaTeXTextOverlay,0,0,0
IbanezGio,VuC,0,0,0
Samirez,DSLs,8,8,1.0
ShahimEssaid,com.essaid.model.xtext,0,0,0
gon10,EclipseRepoTese,6,6,1.0
max-leuthaeuser,jmhmathexample,1,1,1.0
tshoang,WhitespaceIDE,1,1,1.0
seebgar,MISO4202-proyecto-xtext,2,4,2.0
NiccoMlt,xtext-15-minutes-tutorial,1,3,3.0
SharkJ,theia-xtext-extension-test,2,2,1.0
jku-win-se,JsonBasedXtextGrammar,0,0,0
altran-mde,xtext-sirius-integration.io,0,0,0
cdietrich,xtext-core-issue-1835,0,0,0
Zaki-Fadlan,xtext_getting_started_skilledup,2,2,1.0
raptor494,Xtext-Minecraft-JSON-Languages,4,4,1.0
rudi,xtext-emacs-lsp-demo,1,1,1.0
fedorov-vk,apds_prototype,2,4,2.0
test-editor,test-editor-xtext-gradle,3,11,3.6666666666666665
Ixgauth,perspectiveDSL-Sirus-Xtext,0,0,0
keve98,SzakD_xtext_xtend,2,2,1.0
silvergl,xtext-headless-rcp-example,1,1,1.0
reinaqu,bpmnFromXtextDSL,1,1,1.0
xtext,xtext-p2-orbit,0,0,0
dsl-course,xtext-tutorial-turku-interim,2,6,3.0
tfLabs,xtext-lsp-validation-anyway,1,1,1.0
BalzGuenat,xtext-bug-minimal-example,1,1,1.0
dmfullstack,org.xtext.example.mydsl,1,1,1.0
SuelanyBrito,JFlex_CUP_XText_SQL,2,2,1.0
cdietrich,xtext-languageserver-example-simple,1,1,1.0
msntts,Xtext-Standalone-fat-jar,1,1,1.0
oldulov,cfeditor,1,1,1.0
LorenzoBettini,xtext-type-errors-examples,2,11,5.5
claudenirmf,OntoUML-2.0-Xtext,1,3,3.0
Mehmetcanss,example_xtext_language_server_vscode,2,2,1.0
lidochca,xtext.skip.build.before.rename,0,0,0
cdietrich,xtext-maven-plugin-coverage-example,1,1,1.0
Kevin-Philip,TP_etudiant_Compilax,1,11,11.0
elite-se,elite-se.xtext.languages.plantuml,1,63,63.0
tshoang,BareBonesIDE,1,1,1.0
tareklel,PDFtoText,0,0,0
TVTower,TVTBlitzmaxEditor,2,21,10.5
cdietrich,xtext-multi-dsl-manual-metamodel,4,4,1.0
hallvard,xost,0,0,0
davidmpaz,log-book,1,2,2.0
oliver-reinhard,xtext-scoping-default-imports-demo,2,2,1.0
tshoang,Simple-Barebone-XText-based-IDE,1,1,1.0
MISO4202,uniandes.mdd.example.create-xtext,0,0,0
NaoMod,XText-Language-Server-in-VSCode,1,1,1.0
MISO4202,xtext-egl-sql2java,2,2,1.0
cdietrich,simple-xtext-parallel-load-example,1,1,1.0
bobbyfisher1,expressions,4,12,3.0
lowcomote,DBML-to-ER,1,1,1.0
tfLabs,xtext-n4js-lsp,1,1,1.0
yishakabreham,mde.sales.transactions.xtext.4,1,1,1.0
Rajesh2015,DSL-using-Xtext-and-Xtend,2,2,1.0
cdietrich,xtext-lsp-tests-with-tycho,1,1,1.0
CarlosAsrc,Reconhecedor-scheme,1,5,5.0
oliver-reinhard,xtext-scoping-default-namespaces-demo,1,1,1.0
TVTower,TVTDatabaseEditor,1,30,30.0
casino-mdd,DSL,2,28,14.0
cokeSchlumpf,bashdsl,2,4,2.0
sumeetchhetri,faugjs-eclipse-plugin,1,1,1.0
sderrien,Uclid-editor,2,3,1.5
GlancingMind,xtext-lsp-missing-deleteFile-impl,1,1,1.0
zmy3036190149,theia-xtext-pf-v1-backup,2,2,1.0
MDSDLab,mdsd-2023-lab2-xtext-xtend,1,1,1.0
abieren,MDSD-Xtext-Project-for-JavaFX,2,8,4.0
SimonCockx,xtext-assertAllWhitespaceIsFormatted,2,2,1.0
tombk556,SF_Factories_Beleg2324_Xtext_DSL,2,2,1.0
DonatasC,CodeGeneration,0,0,0
trichterwolke,init,1,8,8.0
zs6jce,x400-xrpgle,0,0,0
cyrilnavessamuel,TripManagment,2,2,1.0
paullewallencom,xtext-xtend-978-1-7864-6496-5,11,11,1.0
coalae,telemed,1,1,1.0
vorburger,xtend-StackOverflowError-issue461,0,0,0
JoaoMAlmeida,projetoCompiladores18-2,1,2,2.0
Bisssen,math_assignment_3_math_compiler_xtext_and_xtend,1,1,1.0
vks2106,domain.model,2,2,1.0
metafacture,metafacture-flux,1,2,2.0
mrtnstn,example-script-language,1,1,1.0
Michel-Nassalang,eclipse_workspace,16,16,1.0
varadbal,FunPL,2,32,16.0
oliverablagojevic,QuestionnaireDSL,2,2,1.0
EightPillars,NmtranEditor,1,4,4.0
DSIE2,Implementing-observer-design-pattern-with-Xtext-and-Xtend,2,2,1.0
George-6629,Lobster-language-conversion-sql-language-based-on-Xtext,2,2,1.0
hvbargen,meth,2,2,1.0
mischnic,bachelors-thesis,0,0,0
cs130-w22,statemachine,1,1,1.0
cesarlaso,tfm-udima-arquitectura-del-software-dsl-ecore-xtext-emf,5,5,1.0
houssemradhouane,Meta-Modelisation-of-Games-Using-UML-Eclipse-Xtext-Acceleo-JAVA,1,2,2.0
mdsd-team-1,domain-specific-language,2,2,1.0
PalladioSimulator,Palladio-Editors-VSCode,0,0,0
nils-christian,xtend-active-annotation-issue,0,0,0
modicio,feature-dsl-tools,1,9,9.0
HBuender,Aim42Visualizer,1,3,3.0
scanyboss,ide-yourdsl,0,0,0
spirvdev,dumpsymb,0,0,0
thlaegler,edilang,1,6,6.0
agonzalezgaliana,mydsl-language-server,0,0,0
codezork,DSL-Blog,1,1,1.0
LorenzoBettini,issue-2000-example,1,1,1.0
trifonnt,net.adempiere.dsl.properties.spring.parent,1,2,2.0
scanyboss,hello-world-language,0,0,0
joerg-holtmann,Pretty-Printer_Language-Analysis,20,20,1.0
coffeeframework,HLVL,2,4,2.0
HermanPeeren,eJSL-MPS,0,0,0
kukulkan-project,kukulkan-language-server,1,9,9.0
mdsd-team-1,dsl-layered-style,0,0,0
larissafiorini,t2-lingProg,2,4,2.0
ragben,NetzDsl,0,0,0
Cosimo5lli,assertx-swing,1,6,6.0
gyaltso,Eclipse-Training-Schedules,0,0,0
wzurborg,xtend-example,1,1,1.0
kyberszittya,simple-ros-code-generator,2,9,4.5
LinguaPhylo,linguaPhyloDSL,2,3,1.5
dsanmartins,Entidades,2,2,1.0
opcoach,datasample,1,15,15.0
bujosa,smart-dsl,2,22,11.0
robinguill,DSL_UML_INSA,1,30,30.0
DedalArmy,SpringDSLJava,0,0,0
LiamWalsh98,tumlrt-language-server,1,3,3.0
jonev,HTTP-REST-test-DSL,1,1,1.0
ElBilbao,DSL-Wizard-Creator,2,2,1.0
ooaa30,Wail,2,2,1.0
Wilson008,GrammarGenerator,0,0,0
ScytherTool,dsl,1,2,2.0
NaoMod,MiniTL,1,1,1.0
ryangarvey,mde-spec,1,1,1.0
bfMarcelino,SchemeLP,2,2,1.0
henriklange,ifcBrickConvert,0,0,0
osarenogae,fault_trees_textual_editor,2,4,2.0
claudenirmf,TPTP-Editor,1,2,2.0
augustin-rialan,IDM,2,2,1.0
henriklange,ifcBrickConvertDsl,2,2,1.0
PikaQin,XModel-Code-Converter,2,2,1.0
helloyaqin,XModel-Code-Converter,2,2,1.0
Garlo13,CEPStaticAnalysis,2,2,1.0
Frederic-Boulanger-UPS,MiniARM-feature,1,1,1.0
Jaddison011,C4EventB,1,2,2.0
MDEGroup,metatemplating,1,5,5.0
abdullah-4Mohammed,AWS-EC2-Service_DSL-EMF,0,0,0
grammeaway,math-interpreter-dsl,2,2,1.0
ahmedsaleh1998,concept_project,0,0,0
Chaimaa-Louahabi,Model-Driven-Engineering,2,2,1.0
fayssalElAnsari,Kotlin-Meta-Model,1,1,1.0
MisbahAwan,SeamlessRuntimeTransformations,2,2,1.0
ProjetoDSL,CanopusDesign,0,0,0
Ryuzaki101,Workbench,1,1,1.0
eclipse,xtext,230,543,2.360869565217391
eclipse,xtext-core,151,338,2.23841059602649
eclipse,xtext-xtend,1,8,8.0
eclipse,xtext-eclipse,59,147,2.4915254237288136
eclipse,xtext-extras,18,47,2.611111111111111
eclipse,xtext-web,2,5,2.5
xtext,seven-languages-xtext,7,28,4.0
eclipse,xtext-maven,0,0,0
eclipse,xtext-lib,0,0,0
xtext,maven-xtext-example,1,2,2.0
seebk,LaTeXText,0,0,0
cdietrich,xtext-languageserver-example,1,1,1.0
eclipse,xtext-idea,0,0,0
adamschmideg,coffeescript-eclipse,3,91,30.333333333333332
RvonMassow,xDoc,1,15,15.0
xtext,xtext-gradle-plugin,0,0,0
LorenzoBettini,packtpub-xtext-book-2nd-examples,11,12,1.0909090909090908
PrinceMei,xTextHandler,0,0,0
LorenzoBettini,packtpub-xtext-book-examples,6,7,1.1666666666666667
theia-ide,theia-xtext,1,1,1.0
svenefftinge,xtext-lsp-workshop,1,1,1.0
ObeoNetwork,Xtext-Sirius-integration,1,3,3.0
dslmeinte,Xtext2-DSLs,16,33,2.0625
merks,Xcore,1,12,12.0
ssi-schaefer,lcdsl,1,26,26.0
eclipse,xtext-umbrella,0,0,0
danieldietrich,xtext-protected-regions,0,0,0
xtext,xtend-gradle-plugin,0,0,0
aphethean,xtext-maven-examples,1,2,2.0
ckulla,xtext-tycho-example,1,2,2.0
vorburger,xtext-sandbox,15,27,1.8
basilfx,xtext-standalone-maven-build,1,1,1.0
JakeGinnivan,XText,0,0,0
OLibutzki,xtext.tools,0,0,0
Xpitfire,xtext-dnn,1,12,12.0
LorenzoBettini,Xtext2-experiments,5,18,3.6
eclipse,xsemantics,5,9,1.8
xtext,xtext-reference-projects,151,153,1.0132450331125828
mzaks,FlatBuffersSchemaEditor,1,9,9.0
vorburger,eLang,1,7,7.0
fuinorg,emt-xtext-archetype,1,1,1.0
eclipse-soc,amalgamation-examples-xtext,1,21,21.0
kthoms,xtext-experimental,0,0,0
dsldevkit,dsl-devkit,15,42,2.8
itemis,generator-xtext,1,1,1.0
att,yang-design-studio,2,2,1.0
martinbaker,xtextadd,9,32,3.5555555555555554
LorenzoBettini,edelta,1,38,38.0
sebastianbenz,xgherkin,1,8,8.0
vladdu,xtext.unittesting,1,3,3.0
slizaa,slizaa-opencypher-xtext,1,46,46.0
xpomul,cdo-xtext,1,1,1.0
mark-christiaens,Xtext-Models-Stats-View,0,0,0
TypeFox,xtext-jflex,0,0,0
vorburger,eclipse-typescript-xtext,1,19,19.0
patrickneubauer,XMLText,0,0,0
xtext,org.xtext.antlr.generator,0,0,0
boalang,xtext-ide,1,17,17.0
nittka,terminology,1,9,9.0
veraPDF,veraPDF-model-syntax,1,5,5.0
TypeFox,languageserver-example,1,1,1.0
Hellmy,plantuml-eclipse-xtext,1,3,3.0
stephanrauh,JSFLibraryGenerator,1,17,17.0
loonwerks,jkind-xtext,1,24,24.0
TatyPerson,Xtext2Sonar,0,0,0
TypeFox,xtext-vscode,1,1,1.0
svenefftinge,Xtext-Workshop-Development-Workspace,1,3,3.0
cdietrich,xtext-uml-example,1,1,1.0
cdietrich,xtext-maven-example,1,1,1.0
marklemay,tptpParser,2,5,2.5
borgar,xtexts,0,0,0
uqbar-project,xtext-tortuga-lang,2,2,1.0
dslmeinte,Xtext1-DSLs,13,50,3.8461538461538463
applause,applause,1,14,14.0
LorenzoBettini,ecefrance2015-xtext-example,1,4,4.0
jcmm33,DirectXTextBlock,0,0,0
dhuebner,xtext-apidiff,0,0,0
appdev,XTextView,0,0,0
oehme,xtext-maven-example,3,3,1.0
SMadani,ThriftMDE,1,1,1.0
xtext,xtext-external-editors,1,1,1.0
itemis,xtext-generator-vscode,1,1,1.0
soluvas,ecommerce-sample,0,0,0
tianguanghui,xTextHandler-objc,0,0,0
meysholdt,xtext_stateful_lexer,1,1,1.0
holgerschill,XtextCon_Xcore_Maven,2,2,1.0
scottopell,vim-xtext,0,0,0
itemis,xtext-debug-example-no-xbase,1,1,1.0
TypeFox,Xtext-XMI,1,1,1.0
joergreichert,XtextPlayground,1,3,3.0
wuwen1030,XTExtension,0,0,0
fuinorg,org.fuin.dsl.cqrs,1,8,8.0
JanKoehnlein,EclipseCon2013_XtextTutorial,4,12,3.0
avaranovich,megal-xtext,1,27,27.0
fuinorg,org.fuin.dsl.ddd,1,7,7.0
arturboronat,xtext.domainmodel,1,1,1.0
otrosien,xtext-perl,1,20,20.0
cmendible,Hexa.xText,0,0,0
SciSpike,yaktor-dsl-xtext,2,17,8.5
andrearn,org.fornax.soa.xtextservicerepository,10,153,15.3
ujhelyiz,xtext-reflective,0,0,0
szarnekow,xtextcon-xbase-example,1,4,4.0
bsi-software,org.eclipse.scout.xtext,1,45,45.0
cdietrich,xtext-languageserver-xbase-example,1,1,1.0
test-editor,deprecated-test-editor-xtext,3,104,34.666666666666664
awk-kazmin,eclipse_1C_xtext,1,1,1.0
svenefftinge,fowlers-statemachine-with-expressions,1,1,1.0
copton,XTextExamples,2,4,2.0
GeekBugs,XTextView,0,0,0
akosyakov,org.xtext.example.mydsl.idea,3,4,1.3333333333333333
vaulttec,isis-script,1,9,9.0
HBehrens,Xtext2Workshop,0,0,0
GrupoHunter,Kukuroo,2,2,1.0
itemis,xtext-languageserver-example-lsp4e,0,0,0
fatalerrortan,Xtext_Xtend_HTML_Generator,3,12,4.0
spoenemann,xtext-gef,1,4,4.0
Minres,RDL-Editor,1,3,3.0
svenefftinge,Guice-Modules-DSL,1,2,2.0
LorenzoBettini,jbase,5,45,9.0
mn-mikke,Model-driven-Pretty-Printer-for-Xtext-Framework,19,19,1.0
hishidama,xtext-dmdl-editor,2,48,24.0
cmark,androtext,1,34,34.0
svenefftinge,homeautomation-example,1,1,1.0
SOM-Research,graphQL-xtext-grammar,2,2,1.0
janesser,frege-xtext,1,3,3.0
szarnekow,org.eclipse.e4.xcss,0,0,0
LorenzoBettini,xtext-scoping,1,3,3.0
JanKoehnlein,ESE-2010-Tutorial,1,9,9.0
spoenemann,xtext-orion,1,1,1.0
Modaptix,xtext-expressions,1,4,4.0
nittka,Jtag,1,13,13.0
erlide,erlide_xtext,2,39,19.5
cdietrich,xtext-forum-support-example,0,0,0
ESIR2Compilation,Langage-WHILE,1,9,9.0
jhonatan89,gen-angular-grammar,1,5,5.0
Sofiane-13,tutorialXtextSirius,0,0,0
eclipse-soc,amalgamation-examples,1,23,23.0
dvdkruk,xtext-xsd-resourceprovider,0,0,0
marnix,metamath-eclipse-xtext,1,16,16.0
JanKoehnlein,Xtext-Syntax-View,0,0,0
planger,xtext-uml-experiment,1,1,1.0
rquinio,ck2xtext,3,6,2.0
mzaks,petrinet_dsl,1,1,1.0
drnappalm,xtext,7,7,1.0
svenefftinge,Xtext-Workshop-Runtime-Workspace,0,0,0
martijndwars,XtextXT,1,1,1.0
nahni,xtextTessla,2,3,1.5
baidty,xtextLearning,1,1,1.0
MoayadHn,XtextBDI,2,4,2.0
fzalila,XtextExperiments,1,1,1.0
Girish-Venkatesh,XTextSelenium,2,2,1.0
Vinayakatk,xtextScopes,2,2,1.0
01Lizard10,XTextUML,1,8,8.0
Salome-Maro,XtextUtils,0,0,0
fanghuixing,XtextApricot,2,2,1.0
mraminella,xtextTests,0,0,0
Alma2015RSABSAWA,XtextLangage,0,0,0
myorb,XTextParser,0,0,0
Jhinnn,XTextView,0,0,0
kathisai,xtextSample,2,4,2.0
huibo-shi,XtextExamples,4,4,1.0
osamu-k,XTextStudy,2,2,1.0
Treehopper,XTextTemplate,1,5,5.0
seba111,Xtext1,1,5,5.0
shinesamjacob,XtextExample,1,1,1.0
ajperalt,xtext,6,24,4.0
schakko,xtext-plugin-with-maven-tycho,1,1,1.0
colameo,xtext4roo,1,1,1.0
vinpereira,XtextToXMI,4,4,1.0
JanKoehnlein,XtextCon2014,0,0,0
bink81,xtext-test,0,0,0
xtext42,xtext42-coding,0,0,0
borisbrodski,XtextBug437519,1,2,2.0
hypery2k,xText,0,0,0
borisbrodski,XtextBug453268,1,1,1.0
arnulfo-rodriguez,XtextClosureExample,1,10,10.0
superxlx,XTextViewDemo,0,0,0
johnBened,XtextMyDSLExample,0,0,0
philiber92,XtextTestRepository,1,1,1.0
fabienfleureau,XtextAtStackoverflow,0,0,0
yunxiaocloud,XTextFieldLimtDemo,0,0,0
eclipse,xtext-gradle,0,0,0
Mensmec,THESIS_XTEXT,0,0,0
MacJariel,sandbox-dsl,1,3,3.0
chetanladdha,XtextFormatingHoverSample,0,0,0
ainslec,XTextCustomLexerExample,1,2,2.0
hem28,DSL_Xtext2.3,1,1,1.0
HBuender,XtextAndSiriusIntegration,1,1,1.0
meysholdt,EclipseCon2014_XtextTutorial,4,5,1.25
jaimedelgado,Xtext,0,0,0
chris125964,xtext,0,0,0
DonRenando,xtext,2,2,1.0
martijndwars,Xtext,15,15,1.0
ozkandemir,XText,2,6,3.0
johnahfong,xtext,5,7,1.4
Mensmec,Xtext,0,0,0
pellcorp,xtext,1,4,4.0
Tutti91,Xtext,1,1,1.0
ANCIT,xtext-examples,1,1,1.0
DECENTSoftwareAssessment,dag.m1x,1,2,2.0
rmemory,xtext,3,7,2.3333333333333335
deb-sandeep,com.sandy.xtext.jovenotes.tests,0,0,0
yasuohosotani,Xtext,1,1,1.0
Nika24,Xtext,4,4,1.0
BenediktNiehues,de.nie.fin,2,5,2.5
AlexElvers,XText,0,0,0
lakzso,xtext,1,1,1.0
seba111,Xtext,1,3,3.0
MacJariel,xtext,1,1,1.0
tmtron,xtext.15minTutorial,1,1,1.0
blewis13,Boxes,1,2,2.0
DECENTSoftwareAssessment,famix.m3x,1,10,10.0
dslmeinte,SimScript,6,32,5.333333333333333
webdaford,aqleditor,0,0,0
goldschmiede,2012-02-03_dsls_mit_xtext,4,4,1.0
kthoms,org.eclipse.xtext.example.domainmodel,1,1,1.0
Reitzner,xtextmaven,1,1,1.0
hectorsun,xtextonboost,0,0,0
duck2,xtextbg,0,0,0
HolyCityAudio,SpinCAD-Builder,3,55,18.333333333333332
ceefour,glproto,1,1,1.0
DECENTSoftwareAssessment,dag.m1x.tests,0,0,0
gvd,xtext-sm,1,2,2.0
davidmpaz,php.ware.web.ui,0,0,0
DanielWeber,xtextext,0,0,0
fzalila,xtextfsm,1,1,1.0
DECENTSoftwareAssessment,dag.m1x.sdk,0,0,0
jgoppert,xmodelica,1,5,5.0
Vinayakatk,xtextgeneratetest,0,0,0
deb-sandeep,com.sandy.xtext.jovenotes,2,46,23.0
DECENTSoftwareAssessment,dag.m1x.ui,0,0,0
viatra,viatra-evm-xtext,1,1,1.0
protossoftware,ReqText,1,4,4.0
meysholdt,e4dsl,1,3,3.0
benzait27,Xtext.Promo,1,1,1.0
malakeel,myDsl,2,8,4.0
npalix,org.eclipse.xtext.example.arithmetics,1,2,2.0
sormgabriel,textual_verduler,0,0,0
ekowahyudi,examplextext,0,0,0
DECENTSoftwareAssessment,famix.m3x.ui,0,0,0
nakul02,sialx-xtext-ide,1,1,1.0
kduske-n4,DomainModel,1,1,1.0
Infoly,SmallJava,0,0,0
inakuhn,de.htwg.mdse.setgame.entities.parent,1,7,7.0
mlanoe,x-vhdl,1,5,5.0
DECENTSoftwareAssessment,famix.m3x.tests,0,0,0
nkonev,CalcXtext,1,1,1.0
meysholdt,xtext_examples,26,26,1.0
manuelleduc,xtext-lib,0,0,0
xarvey,atom-xtext-package,1,1,1.0
LolloCorte,bpel-xtext,3,3,1.0
sciolizer,xtext-sandbox,1,3,3.0
denschu,xtext-whitespace,1,7,7.0
pablitar,claseXtext,2,2,1.0
DECENTSoftwareAssessment,famix.m3x.sdk,0,0,0
tdegueul,xtext-composition,2,2,1.0
danieldietrich,xtext-javatools,1,1,1.0
akademia,ontouml-xtext,1,1,1.0
efuentesp,codebuilder-xtext,1,1,1.0
zrrk,xtext-utils,0,0,0
juli1,xtext-debug,2,4,2.0
nbhusare,Xtext-sandbox,8,8,1.0
jachinte,xtext-grammars,1,2,2.0
susieagerholm,XTEXT_EXAMPLE,6,7,1.1666666666666667
itemis,monaco-xtext,0,0,0
xiaoyvr,xtext-demo,1,5,5.0
hmc-cs111-fall2015,picobot-XText,1,3,3.0
yanntm,Xtext-Light,0,0,0
quendimax,libXtextcursorchanger,0,0,0
Ikraminfo,GrammaireXtext,0,0,0
nickeeyyoo,xtext_project,1,2,2.0
marinamygithub,xtext_project,2,2,1.0
lukashaertel,xtext-xgen,4,15,3.75
fmca,xtext-typesystem,1,6,6.0
almazhou,xtext-demo,0,0,0
Huluvu424242,xtext.example,1,3,3.0
kiddochan,xtext-typesystem,1,6,6.0
mmalohlava,ppXtext,1,1,1.0
ponta027,xtext_practice,1,1,1.0
bhdrkn,Xtext-Examples,2,3,1.5
fatalerrortan,Xtext-examples,2,2,1.0
gcr-nist,runtime-Xtext,0,0,0
fBrx,language-xtext,0,0,0
ilya-klyuchnikov,sll-xtext,1,1,1.0
vonbolt,Xtext_test,1,4,4.0
rytina,xtext-typesystem,1,6,6.0
philiber92,xtext-utils,0,0,0
thomasfischl,xtext-workshop,2,3,1.5
jbadeau,ng-xtext,0,0,0
OliverScherf,MGPL-Xtext,1,17,17.0
szarnyasg,gradle-xtext,1,1,1.0
malbac,Xtend_Xtext,2,2,1.0
gitpan,Convert-XText,0,0,0
rmemory,xtext_eclipse,0,0,0
lukashaertel,xtext-technocat,1,2,2.0
lukashaertel,xtext-xtestgen,1,1,1.0
zhangyuanqiao,selenium-xtext,2,18,9.0
cooked,modelica-xtext,1,1,1.0
pablitar,firewall-xtext,1,1,1.0
hamza-abed,JSEditorXtext,1,2,2.0
Virtlink,paplj-xtext,1,1,1.0
kwanggy,xtext-sublime,0,0,0
thicket-lang,thicket-xtext,1,1,1.0
agentlab,xtext-web,3,3,1.0
test-editor,xtext-dropwizard,1,2,2.0
kecskesk,xtext-menetrend,1,1,1.0
ftrifin,xtext-utils,0,0,0
scottopell,xtext_utils,0,0,0
lukashaertel,xtext-fsml,3,9,3.0
sahrmann,xtext-json,1,1,1.0
Modaptix,xtext-utils,0,0,0
itemis,xtext-issues,0,0,0
holzem,xtext-lexertrace,1,1,1.0
victorlacorte,Tcc,0,0,0
limelanguage,lime-xtext,0,0,0
edgarmueller,xtext-recordmapper,1,1,1.0
santoshdeshpande,wwf-xtext,1,1,1.0
MatzeGIT,XText-maven,1,2,2.0
tkurita,XText.scptd,0,0,0
t-buss,mgpl_xtext,1,1,1.0
dvdkruk,xtext-workshop,1,1,1.0
npalix,org.xtext.example.mde,3,3,1.0
logicfish,XActiv,1,1,1.0
kittaakos,webcalc,1,2,2.0
evandor,skysail-prototypr-dsl,1,2,2.0
iensen,certware-l-editor,3,3,1.0
vladimirkozhaev,casualintellect_new_wizard,1,1,1.0
TinyScream,org.xtext.amodel,1,5,5.0
M2TIIL2016-2017,SiteWeb_XText,2,2,1.0
schakko,hackcamp-xtext-automotivebus,1,1,1.0
sfinnie,xtext.scoping.adventures,1,1,1.0
jpaw,bonaparte-apidsl,1,8,8.0
rainerschuster,yacc-ide,1,7,7.0
schakko,xtext-bug-436688,1,1,1.0
dhuebner,xtext-builddsl-tycho,1,1,1.0
matejsp,lwc13-xtext,2,15,7.5
ftrifin,xtext-utils.uml,0,0,0
mbarbero,xtext-forms-integration,2,2,1.0
FForw4rd,xtext-restriction-framework,2,13,6.5
zrrk,xtext-utils.devenv,0,0,0
ftrifin,xtext-utils.xtend,0,0,0
svenefftinge,xtext-jaxcon-example,1,3,3.0
LorenzoBettini,xtext-demo-laquila,1,4,4.0
jakecobb,xtext-iris-datalog,1,2,2.0
Huluvu424242,rezept-dsl.xtext,1,4,4.0
philiber92,xtext-utils.unittesting,0,0,0
philiber92,xtext-utils.distribution,0,0,0
phaldan,htwg-cform-xtext,1,15,15.0
itemis,xtext-example-conplan,1,1,1.0
LorenzoBettini,Xtext-Buckminster-Example,1,2,2.0
LorenzoBettini,xtextcon-typesystem-example,1,1,1.0
dhuebner,org.xtext.example.tycho,3,3,1.0
agentlab,eclipse-orbit_xtext-web,2,2,1.0
Tutti91,xtext_language_bla,1,1,1.0
LeonoraG,xtext-req-editor,2,2,1.0
xarvey,atom-xtext-autocomplete,0,0,0
franzbecker,xtext-formatter-problem,1,1,1.0
ftrifin,xtext-utils.distribution,0,0,0
Fritzi,XText_TeSSLa,2,8,4.0
madasar,booster2-xtext,1,3,3.0
TypeFox,xtext-splitted-repo,137,137,1.0
zrrk,xtext-utils.uml,1,1,1.0
zrrk,xtext-utils.xtend,0,0,0
ftrifin,xtext-forms-integration,2,2,1.0
JanKoehnlein,fxdiagram-xtext-examples,3,3,1.0
ubx,openair,1,4,4.0
rju,xtext-typing-example,1,2,2.0
philiber92,xtext-utils.xtend,0,0,0
Advanced-Model-Engineering-SS16,xtext-ocl-extensions,2,2,1.0
zrrk,xtext-utils.distribution,0,0,0
Johanvdberg,mcrl2.xtext,3,6,2.0
kryptonite22,rsbac.xtext.dsl,0,0,0
tkleszczynski,jug-zgora-xtext,1,1,1.0
philiber92,xtext-utils.devenv,0,0,0
jeffmaury,devoxx2012-xtext,3,3,1.0
YonedaMasashi,xText_Practice,1,1,1.0
jackqq,xTextEdit,0,0,0
ftrifin,xtext-utils.unittesting,0,0,0
lgcardeas,xtext-forms-integration,2,2,1.0
vrichard12,xtext-forms-integration,2,2,1.0
itemis,xtext-monaco-example,0,0,0
pabu90,xtext-ci-test,1,1,1.0
EricssonPlant,plantuml-xtext-light,1,3,3.0
zrrk,xtext-utils.unittesting,1,2,2.0
LorenzoBettini,xtext-index-experiments,1,3,3.0
ftrifin,xtext-utils.devenv,0,0,0
inteldict,xtext-gradle-demo,2,3,1.5
cdietrich,xtext-multi-dsl,3,9,3.0
hachreak,dmss.pouex.xtext,1,2,2.0
lunifera,lunifera-xtext-runtimebuilder,2,2,1.0
sikessle,xtext-forms-integration,2,2,1.0
priya0311,xtext-forms-integration,2,2,1.0
philiber92,xtext-utils.uml,0,0,0
talalong,dbFactoryXtext,2,20,10.0
stackoverflowmailer,lwc13-xtext,2,15,7.5
willy2706,if4150-xtext,1,5,5.0
wwu-pi,acse-xtext-validation,2,2,1.0
ProgrammableDrones,xTextLanguage,1,5,5.0
stefano-bragaglia,Kinect-ECE-XText,2,42,21.0
wwu-pi,acse-xtext-gui,1,1,1.0
peterssas,xtext-gradle-problem,1,1,1.0
zhoumin03,xtext-forms-integration,2,2,1.0
gcubar,CodeXcessXtext,1,8,8.0
cdietrich,xtext-ecore-xcore,2,2,1.0
ayoubziat,xtext_DSL_example,1,2,2.0
xiaoyvr,xtext-demo-oxygen,1,4,4.0
test-editor,deprecated-xtext-index-backend,1,1,1.0
kuniss,Aqua,1,1,1.0
npalix,org.eclipse.xtext.example.fowlerdsl,1,1,1.0
dslmeinte,xtext-workshop-code1,1,13,13.0
chauhansaurabhb,Eclipse-Xtext-Mydsl-Plugin,2,4,2.0
oyse,jetson,1,2,2.0
zwgirl,summer,10,10,1.0
rymarenkosuccess,Coffeescript-Eclipse,3,3,1.0
felipedf,compiler,2,20,10.0
logicfish,XPlane,0,0,0
LorenzoBettini,Xtext-Xtend-Buckminster-Example,1,2,2.0
vorburger,eclipse-typescript-xtext-repository,0,0,0
pankeshpatel,EclipsePluginForXtext,2,2,1.0
Hellmy,plantuml-eclipse-xtext_update,0,0,0
xpomul,xtext-multi-edit-example,1,1,1.0
tmtron,xtext.eclipse.15minExtended,1,1,1.0
deb-sandeep,com.sandy.xtext.jovenotes.ui,0,0,0
ftrifin,xtext-utils.xtend1,0,0,0
szarnekow,xtext-arithmetics-web-example,1,1,1.0
wwu-pi,acse-xtext-knuth-binaries,1,1,1.0
jwachter,xtext-serializer-issue-example,1,5,5.0
DemidovAlexander,Xtext_MiniJava_IDE,2,4,2.0
camilagarcia113,xtext-dsl-obj3,1,1,1.0
cdietrich,gradle-xtext-xtend-problem,0,0,0
uqbar-paco,firewall-dsls-externos-xtext,2,2,1.0
svenefftinge,Xtext-LWC-contribution--Instances-,2,2,1.0
rainerschuster,eclipse-webidl,1,17,17.0
willy2706,if4150-xtext-html,0,0,0
phaldan,htwg-cform-xtext-demo,0,0,0
hypery2k,Xtext-GrammarMixin-Example,4,5,1.25
philiber92,xtext-utils.subproject-template,0,0,0
zrrk,xtext-utils.subproject-template,0,0,0
thowin,ituXtextLandinConfigurator,2,2,1.0
philiber92,xtext-utils.xtend1,0,0,0
claudenirmf,old-tests-on-xtext,1,9,9.0
zouhairireda,xtext-ocl-xtend-poc,2,2,1.0
franzbecker,xtext-serializer-parallel-problem,1,1,1.0
lunifera,lunifera-xtext-runtimebuilder-example,1,1,1.0
ftrifin,xtext-utils.subproject-template,0,0,0
fluxtah,xtext-android-gradle-example,0,0,0
hypery2k,Xtext-Maven-BuildExample,2,2,1.0
kittaakos,xtext-eclipse-gh-238,1,1,1.0
MatzeGIT,XText-Maven-CleanStart,1,1,1.0
Rodolfocostapr,org.xtext.example.pascalito,2,16,8.0
deb-sandeep,JoveNotesProcessor,0,0,0
zrrk,xtext-utils.xtend1,0,0,0
tanthingdeveloper3unshine,AutoCompleteXTextView,0,0,0
loradd,uml-xtext-grammar-generator,0,0,0
RobertWalter83,DialogScriptDSL,3,8,2.6666666666666665
vicegd,org.xtext.dsl.restaurante,2,2,1.0
paulluap,xtext-extras-issue216,1,2,2.0
dhakehurst,net.akehurst.example.xtext.vertx,1,2,2.0
alvilgau,de.htwg.xtext.setGame,1,5,5.0
nittka,Xarchive,1,14,14.0
rdurelli,com.br.refactoring.xtext.dsl,2,20,10.0
tmtron,xtext.15minTutorial.project,0,0,0
agentlab,eclipse-orbit_xtext-web-dsls,6,6,1.0
threadedblue,org.eclipse.xtext.example.domainmodel,2,2,1.0
cdietrich,xtext-existing-metamodel-gradle-example,1,1,1.0
wrungel,tycho.xtext.mwe2.test,2,2,1.0
Scholvac,EclipseTaskJuggler,1,1,1.0
ftmdida,xtext_code_gen_version_2,2,2,1.0
alexwatts,xtext-j2ee-dsl,4,11,2.75
cdietrich,xtext-gradle-plugin-issue-60,2,2,1.0
thowin,ituXtextLandin2Configurator,2,2,1.0
jkouwer,basicfamily,0,0,0
goldschmiede,2011-02-18_xtext_apache_wicket,0,0,0
nileshrege,El,1,21,21.0
deparlak,de.htwg.mdsd.xtext.portals,2,9,4.5
shashwatanand,org.shashwat.xtext.smallJava,2,18,9.0
mmalohlava,gpp-for-xtext-master-thesis,0,0,0
dexz92,Integrating-Xtext-and-JavaRAG,3,3,1.0
Rodolfocostapr,org.xtext.example.pascalitoOld,2,14,7.0
KasperGam,IGESImport,1,8,8.0
fuinorg,xsample,1,1,1.0
florianpirchner,beantypes,0,0,0
cdietrich,xtext-gradle-plugin-issue-61,1,1,1.0
rdurelli,com.br.refactoring.xtext.dsl.ui,0,0,0
threadedblue,org.eclipse.xtext.example.domainmodel.tests,0,0,0
rdurelli,com.br.refactoring.xtext.dsl.tests,0,0,0
shashwatanand,org.shashwat.xtext.smallJava.ui,0,0,0
tmtron,xtext.eclipse.15minExtended.project,0,0,0
chqu1012,MetroUiDescriper,0,0,0
rainerschuster,sygus-ide,1,2,2.0
jacruzca,xtext-multilanguage-multiple-target-impl-reuse,7,9,1.2857142857142858
qscdfg,mybash,1,2,2.0
eirikg,XbaseSiriusIntegration,1,1,1.0
nohum,android-code-generation,1,18,18.0
gvd,zest-sm,0,0,0
uqbar-paco,declaratividad-orm-java,1,1,1.0
shashwatanand,org.shashwat.xtext.smallJava.tests,0,0,0
dhakehurst,net.akehurst.example.xtext.vertx.lsp,0,0,0
vztpv,ClauTextWithEclipse,1,11,11.0
goldschmiede,2011-04-29_xtext_service_repository,0,0,0
markusvoelter,DSLEngBook-Xtext-P3Demo,1,1,1.0
ESIR2Compilation,PrettyPrinter,0,0,0
bmael,MVCLang,0,0,0
zhou-jg,tefler,2,2,1.0
bogdanvuk,xvhdl,5,11,2.2
marcotinacci,XTuring,2,4,2.0
threadedblue,org.eclipse.xtext.example.domainmodel.ui,0,0,0
joergreichert,OperationsResearch,1,1,1.0
tommyettinger,julepp,0,0,0
masters-info-nantes,SmokingText,1,5,5.0
daniel-laszlo,temalabor,1,1,1.0
Communote,communote-restws,1,2,2.0
vorburger,FormGeneratorPOC,0,0,0
nittka,pocesl,1,1,1.0
logicfish,POMText,0,0,0
cdietrich,https---github.com-meysholdt-xtext_stateful_lexer,0,0,0
bogdanvuk,xrst,2,2,1.0
meysholdt,performance_probes,0,0,0
agentlab,PowerLoomDSL,1,1,1.0
rainerschuster,jdl-ide,1,1,1.0
JoostvanPinxten,SDF3-editor,1,2,2.0
ceefour,emf-sandbox,0,0,0
Mehdi23,FlexoModelingLanguage,1,2,2.0
atanaka,experimental-rmodp-dsl,1,1,1.0
leolimasa,reqlang,2,2,1.0
smba,model-based-times,1,32,32.0
DavidFosterLuhmann,high-dim,0,0,0
test-editor,deprecated-test-editor-index-backend,0,0,0
sidz8690,EasyUnit,0,0,0
lsotnk,lsotnk.xbase.launching,0,0,0
Tim-S,ReqLNG,1,3,3.0
helunwencser,PAOC,2,2,1.0
nakul02,sysml.dml,2,4,2.0
rainerschuster,tlsf-ide,1,1,1.0
rainerschuster,asdl-ide,1,1,1.0
N0P0x90,EclipseExamples,1,1,1.0
martinmuellenberg,cityplanning,1,1,1.0
newdigate,soa-dsl-scaffolding,1,1,1.0
evansnicholas,yaxpath,1,8,8.0
nittka,ASP,0,0,0
josros,boby,1,2,2.0
danhaywood,kemble,0,0,0
schakko,bsc-thesis-documentation,0,0,0
szarnekow,mongoBeans,1,3,3.0
timeraider4u,external_jar_download,0,0,0
Buggaboo,xplatform,8,39,4.875
jonathankoehn,entitygenerator,1,1,1.0
marcusphi,polopoly-dsl,1,1,1.0
alexisfacques,dsl-feature-modelling,1,1,1.0
sbrocard,statemachine-generator,1,1,1.0
JPL-IMCE,gov.nasa.jpl.imce.oml.core,1,6,6.0
PuneetPatwari,system-map-maker,0,0,0
atanaka,DomainmodelWithCrossReference,1,1,1.0
cedricvidal,protobuf4e,1,5,5.0
rowlo,testdsl,1,2,2.0
joergreichert,Cool,1,4,4.0
WesleyMarques,CompiladorJava,1,14,14.0
tommyettinger,kobold,1,2,2.0
stolorz,RankPL-EclipsePlugin,1,1,1.0
UnibgInfo3A,ebnfworkbench,1,5,5.0
sergiowebo,RaspduinoDSL,1,5,5.0
Remypoc,CmooSimpleJ,2,10,5.0
majordomo,majordomo,1,28,28.0
ryanignatius,CheckerDSL,2,14,7.0
raynair,webml,1,1,1.0
arbennett,ParserGeneratorExample,2,2,1.0
OElabed,Model-Driven-Engineering--Eclipse-RCP-plugin--Software-product-line,8,8,1.0
renaudhelias,MameVHDL,1,1,1.0
cwiscount,mydsl-emf-gen,1,1,1.0
rmuecke,clinicaltrialcreator,0,0,0
mythicfreak,aomxsgrammar,1,7,7.0
diverse-project,melange-studio,0,0,0
marcotinacci,Event-Oriented-Language,1,9,9.0
ksza,Bicycle-Shop,3,5,1.6666666666666667
marcotinacci,SwarmRobotics,2,7,3.5
Padmar1995,gh,0,0,0
