Repository,ecore,xtext,mwe2
XTextureExtractor,NO,NO,NO
theia-xtext-sprotty-example,NO,YES,YES
xtext-sirius-integration,YES,YES,YES
graphql-xtext,YES,YES,YES
vscode-xtext-sprotty-example,NO,YES,YES
xtext-website,NO,NO,NO
common-xtext-expression-language,NO,YES,YES
Implementing-Domain-Specific-Languages-with-Xtext-and-Xtend,YES,YES,YES
xtext,NO,YES,YES
EmojiText-XText,NO,NO,NO
xtext-ide-extensions,NO,YES,YES
xtext-service-dsl,NO,YES,YES
service-idl,NO,YES,YES
XUML_B,NO,YES,YES
CoreDSL,NO,YES,YES
xtext2langium,NO,NO,NO
post_core,YES,YES,YES
RPG-lexer,YES,YES,YES
XText,NO,YES,YES
jugh-xtext-arkanoid,YES,YES,YES
LambdaXtextract,NO,NO,NO
mgpl-xtext,NO,YES,YES
Oberon-XText,YES,YES,YES
TopXTextUI,NO,NO,NO
xtext_web,YES,YES,YES
composer-language-server,NO,YES,YES
xtext-dsl-compiler-example,YES,YES,YES
XTheory,YES,YES,YES
xtext_tutorial_15_min_zh,YES,YES,YES
openCypher-Xtext,NO,YES,YES
epsilon,YES,YES,YES
Oberon-IDE,YES,YES,YES
xtext-tips,YES,YES,YES
pt.isep.dsl.puml,NO,YES,YES
mgpl,YES,YES,YES
MetaCrySL,NO,YES,YES
tosca-yaml-lsp,NO,YES,YES
gradle-xtext-generator,NO,YES,NO
ex.xtext.lsp,NO,YES,YES
standalone-xtext-example,YES,YES,YES
xtext-docs-gen,YES,YES,YES
WordPress-Plugin-DSL,NO,YES,YES
PolicyLanguage,NO,YES,NO
XtextTest,?,?,?
XtextExamples,YES,YES,YES
XTextEditor,NO,NO,NO
xtextMath,NO,YES,NO
xtextCodebuff,NO,NO,NO
XTextView,NO,NO,NO
XtextExamples,YES,YES,YES
XtextStudy,YES,YES,YES
XTextClassification,NO,NO,NO
XtextGerador,NO,NO,NO
XtextPlugin,NO,YES,NO
XtextTutorial,NO,YES,YES
XtextWorkspace,YES,YES,YES
XtextCollaborativeEnvironment,YES,YES,YES
XtextLanguage,NO,NO,NO
XTextView,NO,NO,NO
xtextHW,YES,YES,YES
XTextFlagDemo,NO,NO,NO
XtextTrabalho2,YES,YES,YES
Xtext,NO,YES,YES
xtextsample,NO,NO,NO
XtextInheritanceTest,YES,YES,YES
XTextView-Android,NO,NO,NO
XtextExtras446,YES,YES,YES
XtextJavaScript,NO,NO,NO
XtextDSL2018,YES,YES,YES
XTextCategorizer.Demo,NO,NO,NO
tutorial-xtext,YES,YES,YES
XtextLanguageGradle,NO,YES,NO
xtext,NO,YES,YES
Xtext,NO,YES,YES
Xtext,NO,YES,YES
XtextHealth2.0,NO,NO,NO
xtext,NO,YES,YES
XText,NO,YES,YES
xtext,NO,YES,YES
failed-xtext2vscode-example,NO,YES,YES
dsl.evtool,YES,YES,YES
xtext,NO,YES,YES
xtext,NO,YES,YES
wps-ecore-ocl-xtext,YES,NO,NO
uniandes.mdd.xtext2xmi,NO,NO,NO
xtext,NO,YES,YES
xtext,NO,YES,YES
xtext,NO,YES,YES
Theia-Xtext-Yangster-Project-,YES,YES,YES
XtendExample,NO,NO,NO
co.edu.uniandes.gramaticajmeter,YES,YES,YES
prenum,?,?,?
hello-xtext,YES,YES,YES
Essex-Test,NO,NO,NO
xtext-website-publish,NO,NO,NO
xtextutils,NO,NO,NO
xtextlpmangan,YES,YES,YES
JSON-Schema-to-internal-DSL,YES,YES,YES
e-portfolio-Xtext,YES,YES,YES
apds_dsl,NO,YES,YES
xtextminer,NO,NO,NO
xtexteditor,NO,NO,NO
xtextrepo,NO,NO,NO
mpti-dsl,YES,YES,YES
xtext-domain-model-guice-5,YES,YES,YES
karaf-features-eclipse-xtext,NO,NO,NO
xtext-samle,NO,YES,YES
FormXtext,YES,YES,YES
compiler_xtext,NO,YES,YES
xtext_salestransaction,YES,YES,YES
XMarking,YES,YES,YES
henshin_xtext_adapter,NO,NO,NO
BIP-language,NO,YES,NO
pascal-xtext,YES,YES,YES
Xtext-UCS,NO,YES,NO
ripacola-xtext,NO,YES,YES
testXtext,YES,YES,YES
xtext-examples,YES,YES,YES
xTexturedxx,?,?,?
HexXText,NO,NO,NO
Xtext-Maven,YES,YES,YES
org.xtext.example.mydsl.parent,YES,YES,YES
vuc-xtext,YES,YES,YES
xtext-expressions,NO,YES,YES
xtext-demo,YES,YES,YES
uppaal-xtext,NO,YES,YES
Xtext-UML,YES,YES,YES
xtext-talks,YES,YES,YES
xtext-playground,YES,YES,YES
xtext_kokomodel,YES,YES,YES
ocl-xtext,YES,YES,YES
ABL-XText,YES,YES,YES
xtext-projection,YES,YES,YES
xtext-webapp,YES,YES,YES
DSLIndividualXtext,NO,YES,YES
photos-xtext,YES,YES,YES
xtext-cobol,NO,YES,NO
Libreria-Xtext,NO,NO,NO
Xtext-example,YES,YES,YES
xtext-rpgle,NO,NO,NO
AudiXText,NO,NO,NO
xtext-monorepo,YES,YES,YES
Xtext_browser,YES,YES,YES
xtext_project,YES,YES,YES
Gitpod-XText,NO,YES,YES
xtext-archive,NO,NO,NO
xtext-learning,YES,YES,YES
tr.xtext,NO,YES,YES
Theia-Xtext,YES,YES,YES
xtext-webinar,NO,NO,NO
mgpl-xtext,NO,YES,YES
learnXtext,YES,YES,YES
Xtext-Projects,NO,YES,YES
xtext_web,YES,YES,YES
dialogXtextflow,NO,NO,NO
xtext-orm,NO,YES,YES
xtext-mvn,YES,YES,YES
passXtext,NO,NO,NO
xtext-editor,NO,NO,NO
xtext-cli,NO,NO,NO
xtext-web,NO,YES,YES
graphql-xtext,YES,YES,YES
xtexture_compiler,NO,NO,NO
xtext-example,YES,YES,YES
xtext_samples,NO,NO,NO
MDSE-xtext,YES,YES,YES
sample-xtext,NO,YES,YES
xtext-demo,YES,YES,YES
SIRIUS-XTEXT,YES,YES,YES
megal-xtext,YES,YES,YES
xtext-domainmodel,YES,YES,YES
Xtext-project,NO,NO,NO
SpeechXtext,NO,NO,NO
xtext-extractor,NO,NO,NO
xtext-congen,NO,YES,YES
xtext_elm_editor,NO,NO,NO
toppers_cfg_xtext,NO,YES,YES
ex.xtext.twog,NO,YES,YES
metacrysl,NO,YES,YES
navascript-editor,NO,YES,YES
PCS953-EMF-Exercise,NO,NO,NO
xspice,YES,YES,YES
IotXtext,NO,YES,YES
xtext-plsql,YES,YES,YES
emc-xtext,NO,NO,NO
kukulkan-grammar,YES,YES,YES
ulm-xtext-test,YES,YES,YES
N7.compilateur,YES,YES,YES
xtext-gradle-test,NO,NO,NO
M-langeuse-Xtext,YES,YES,YES
xtext_encoding_dsl,YES,YES,YES
nix-eclipse-xtext,NO,YES,YES
Xtext_Gradle_Test,NO,YES,YES
nusmv-xtext-lsp,YES,YES,YES
vscode-xtext-links,NO,NO,NO
xText-Editor-,NO,NO,NO
DSL-with-Xtext,YES,YES,YES
xtext-domainmodel-ls,YES,YES,YES
ex.xtext.ml,NO,YES,YES
xtext-web-example,YES,YES,YES
xtext-build-tools,NO,NO,NO
xtext-dsl-sample,YES,YES,YES
team-hacktive-xtext,NO,NO,NO
xtext-monaco-example,NO,YES,YES
xtext-folding-issue,NO,YES,YES
xtext-xml-grammar,NO,YES,YES
my-theia-xtext,YES,YES,YES
xtext-gait-model,YES,YES,YES
Xtext_directory-file,YES,YES,YES
xText-DSL,NO,NO,NO
assignment-2-xtext,NO,NO,NO
xtext-jvmtypeprovider-standalone,NO,NO,NO
eclipse-workspace,YES,YES,YES
xtext-entities-tutorial,NO,YES,NO
xtext-pde-target,?,?,?
xtext-fipa-acl,NO,YES,YES
qingo_xtext_documentation,NO,NO,NO
xtext-problem-matcher,NO,NO,NO
xtext.sales.transactions,YES,NO,NO
xtext-gen-extension,YES,YES,YES
Domainmodel,YES,YES,YES
expressions-dsl,YES,YES,YES
xtext-xdoc-releases,NO,NO,NO
xTextForum,YES,YES,YES
xtext-plugin-gradle,YES,YES,YES
xtext-example-dsl,YES,YES,YES
xtext-fragment-experiments,NO,YES,YES
xtext_bug_1974,YES,YES,YES
xtext-railmap-demo,YES,YES,YES
xtext-intro-bfh,YES,YES,YES
xtext-example-entities,YES,YES,YES
MyFirstXText,YES,YES,YES
xtext-ci-libs,NO,NO,NO
BaSiriusXtext,YES,YES,YES
sql-pgq-xtext,NO,YES,YES
xtext-jpms-test,NO,NO,NO
xtext-monorepo-lfs,?,?,?
xtext-build-utils,NO,YES,YES
xtext-two-dsls,YES,YES,YES
xtext_bug508518,YES,YES,YES
xtext-valueconverter-example,YES,YES,YES
xText-Editor,NO,NO,NO
HouseBuilder-Xtext,NO,YES,YES
xtext-orbit-replacement,NO,NO,NO
xtext-xcore-sample,NO,YES,YES
mo631xtext,NO,YES,YES
xtext-mapbasedscope-example,NO,YES,YES
xTextHandler,NO,NO,NO
ProjetoXtextPFC,YES,YES,YES
HexXTextSMP,NO,NO,NO
xtext-dsl-book,NO,YES,YES
xtextxtend-book-examples,YES,YES,YES
xtext-gradle-example,YES,YES,YES
xtext-ppt-demo,YES,YES,YES
xtext-completion-nullpointer,NO,YES,YES
sbt-xtext-plugin,NO,NO,NO
online_elm_xtext,YES,YES,YES
ExternalDSL-xtext,NO,YES,YES
xtext-railmap-theia,YES,YES,YES
xtext-showdown-grammar,NO,YES,YES
xtext-language-server,NO,NO,NO
xtext-npe-reproducable,YES,YES,YES
eJSL-ANTLR4,NO,NO,NO
statemachine,YES,YES,YES
MDSE-assignment3,YES,YES,YES
org.example.mydsl.parent,YES,YES,YES
caph-java-parser,NO,YES,YES
XTEXT_FACPL3_PreserveVarious,NO,NO,NO
xtext-languageserver-example-duplicator,NO,YES,YES
xtext-maven-plugin-example,NO,YES,YES
xtext-eclipse-issue-1009,NO,NO,NO
UoY-MODE-XTEXT,YES,YES,YES
sprat-ecosystem-dsl-xtext,YES,YES,YES
theia-xtext-vscode-example,NO,NO,NO
j9-tycho-xtext,NO,YES,YES
xtext-lsp-ecore-support,YES,YES,YES
LaTeXTextOverlay,NO,NO,NO
VuC,?,?,?
DSLs,YES,YES,YES
com.essaid.model.xtext,NO,NO,NO
EclipseRepoTese,YES,YES,YES
jmhmathexample,YES,YES,YES
WhitespaceIDE,YES,YES,YES
MISO4202-proyecto-xtext,NO,YES,YES
xtext-15-minutes-tutorial,NO,YES,YES
theia-xtext-extension-test,YES,YES,YES
JsonBasedXtextGrammar,YES,NO,NO
xtext-sirius-integration.io,NO,NO,NO
xtext-core-issue-1835,NO,NO,NO
xtext_getting_started_skilledup,YES,YES,YES
Xtext-Minecraft-JSON-Languages,YES,YES,YES
xtext-emacs-lsp-demo,NO,YES,YES
apds_prototype,NO,YES,YES
test-editor-xtext-gradle,NO,YES,YES
perspectiveDSL-Sirus-Xtext,NO,NO,NO
SzakD_xtext_xtend,NO,YES,YES
xtext-headless-rcp-example,NO,YES,YES
bpmnFromXtextDSL,YES,YES,YES
xtext-p2-orbit,NO,NO,NO
xtext-tutorial-turku-interim,YES,YES,YES
xtext-lsp-validation-anyway,NO,YES,YES
xtext-bug-minimal-example,NO,YES,YES
org.xtext.example.mydsl,NO,YES,YES
JFlex_CUP_XText_SQL,YES,YES,YES
xtext-languageserver-example-simple,NO,YES,YES
Xtext-Standalone-fat-jar,NO,YES,YES
cfeditor,YES,YES,YES
xtext-type-errors-examples,NO,YES,YES
OntoUML-2.0-Xtext,NO,YES,YES
example_xtext_language_server_vscode,NO,YES,YES
xtext.skip.build.before.rename,NO,NO,NO
xtext-maven-plugin-coverage-example,YES,YES,YES
TP_etudiant_Compilax,YES,YES,YES
elite-se.xtext.languages.plantuml,NO,YES,YES
BareBonesIDE,YES,YES,YES
PDFtoText,NO,NO,NO
TVTBlitzmaxEditor,NO,YES,YES
xtext-multi-dsl-manual-metamodel,YES,YES,YES
xost,NO,NO,NO
log-book,NO,YES,YES
xtext-scoping-default-imports-demo,YES,YES,YES
Simple-Barebone-XText-based-IDE,YES,YES,YES
uniandes.mdd.example.create-xtext,YES,NO,NO
XText-Language-Server-in-VSCode,YES,YES,YES
xtext-egl-sql2java,YES,YES,YES
simple-xtext-parallel-load-example,YES,YES,YES
expressions,YES,YES,YES
DBML-to-ER,YES,YES,YES
xtext-n4js-lsp,NO,YES,YES
mde.sales.transactions.xtext.4,YES,YES,YES
DSL-using-Xtext-and-Xtend,YES,YES,YES
xtext-lsp-tests-with-tycho,YES,YES,YES
Reconhecedor-scheme,YES,YES,YES
xtext-scoping-default-namespaces-demo,YES,YES,YES
TVTDatabaseEditor,NO,YES,YES
DSL,YES,YES,YES
bashdsl,YES,YES,YES
faugjs-eclipse-plugin,YES,YES,YES
Uclid-editor,YES,YES,YES
xtext-lsp-missing-deleteFile-impl,YES,YES,YES
theia-xtext-pf-v1-backup,YES,YES,YES
mdsd-2023-lab2-xtext-xtend,NO,YES,YES
MDSD-Xtext-Project-for-JavaFX,YES,YES,YES
xtext-assertAllWhitespaceIsFormatted,YES,YES,YES
SF_Factories_Beleg2324_Xtext_DSL,YES,YES,YES
CodeGeneration,NO,NO,NO
init,NO,YES,YES
x400-xrpgle,NO,NO,NO
TripManagment,YES,YES,YES
xtext-xtend-978-1-7864-6496-5,YES,YES,YES
telemed,YES,YES,YES
xtend-StackOverflowError-issue461,NO,NO,NO
projetoCompiladores18-2,NO,YES,YES
math_assignment_3_math_compiler_xtext_and_xtend,NO,YES,NO
domain.model,YES,YES,YES
metafacture-flux,NO,YES,YES
example-script-language,NO,YES,YES
eclipse_workspace,YES,YES,YES
FunPL,YES,YES,YES
QuestionnaireDSL,YES,YES,YES
NmtranEditor,YES,YES,YES
Implementing-observer-design-pattern-with-Xtext-and-Xtend,YES,YES,YES
Lobster-language-conversion-sql-language-based-on-Xtext,YES,YES,YES
meth,YES,YES,YES
bachelors-thesis,NO,NO,NO
statemachine,YES,YES,YES
tfm-udima-arquitectura-del-software-dsl-ecore-xtext-emf,YES,YES,YES
Meta-Modelisation-of-Games-Using-UML-Eclipse-Xtext-Acceleo-JAVA,NO,YES,NO
domain-specific-language,YES,YES,YES
Palladio-Editors-VSCode,NO,NO,NO
xtend-active-annotation-issue,NO,NO,NO
feature-dsl-tools,YES,YES,YES
Aim42Visualizer,NO,YES,YES
ide-yourdsl,NO,NO,NO
dumpsymb,NO,NO,NO
edilang,YES,YES,YES
mydsl-language-server,?,?,?
DSL-Blog,NO,YES,YES
issue-2000-example,NO,YES,YES
net.adempiere.dsl.properties.spring.parent,YES,YES,YES
hello-world-language,NO,NO,NO
Pretty-Printer_Language-Analysis,YES,YES,YES
HLVL,NO,YES,YES
eJSL-MPS,NO,NO,NO
kukulkan-language-server,YES,YES,YES
dsl-layered-style,NO,NO,NO
t2-lingProg,YES,YES,YES
NetzDsl,NO,NO,NO
assertx-swing,YES,YES,YES
Eclipse-Training-Schedules,NO,NO,NO
xtend-example,NO,YES,YES
simple-ros-code-generator,YES,YES,YES
linguaPhyloDSL,YES,YES,YES
Entidades,YES,YES,YES
datasample,YES,YES,YES
smart-dsl,YES,YES,YES
DSL_UML_INSA,NO,YES,YES
SpringDSLJava,NO,NO,NO
tumlrt-language-server,NO,YES,YES
HTTP-REST-test-DSL,YES,YES,YES
DSL-Wizard-Creator,YES,YES,YES
Wail,YES,YES,YES
GrammarGenerator,NO,NO,NO
dsl,YES,YES,YES
MiniTL,YES,YES,YES
mde-spec,YES,YES,YES
SchemeLP,YES,YES,YES
ifcBrickConvert,?,?,?
fault_trees_textual_editor,YES,YES,YES
TPTP-Editor,YES,YES,YES
IDM,YES,YES,YES
ifcBrickConvertDsl,YES,YES,YES
XModel-Code-Converter,YES,YES,YES
XModel-Code-Converter,YES,YES,YES
CEPStaticAnalysis,YES,YES,YES
MiniARM-feature,YES,YES,YES
C4EventB,YES,YES,YES
metatemplating,YES,YES,YES
AWS-EC2-Service_DSL-EMF,YES,NO,NO
math-interpreter-dsl,YES,YES,YES
concept_project,NO,NO,NO
Model-Driven-Engineering,YES,YES,NO
Kotlin-Meta-Model,YES,YES,YES
SeamlessRuntimeTransformations,YES,YES,YES
CanopusDesign,NO,NO,NO
Workbench,YES,YES,YES
xtext,NO,YES,YES
xtext-core,YES,YES,YES
xtext-xtend,YES,YES,YES
xtext-eclipse,YES,YES,YES
xtext-extras,YES,YES,YES
xtext-web,NO,YES,YES
seven-languages-xtext,YES,YES,YES
xtext-maven,YES,YES,YES
xtext-lib,NO,NO,NO
maven-xtext-example,NO,YES,YES
LaTeXText,NO,NO,NO
xtext-languageserver-example,NO,YES,YES
xtext-idea,NO,NO,NO
coffeescript-eclipse,NO,YES,YES
xDoc,YES,YES,YES
xtext-gradle-plugin,NO,NO,NO
packtpub-xtext-book-2nd-examples,YES,YES,YES
xTextHandler,NO,NO,NO
packtpub-xtext-book-examples,YES,YES,YES
theia-xtext,YES,YES,YES
xtext-lsp-workshop,YES,YES,YES
Xtext-Sirius-integration,YES,YES,YES
Xtext2-DSLs,NO,YES,YES
Xcore,YES,YES,YES
lcdsl,YES,YES,YES
xtext-umbrella,NO,NO,NO
xtext-protected-regions,NO,NO,NO
xtend-gradle-plugin,NO,NO,NO
xtext-maven-examples,NO,YES,YES
xtext-tycho-example,NO,YES,YES
xtext-sandbox,YES,YES,YES
xtext-standalone-maven-build,YES,YES,YES
XText,NO,YES,YES
xtext.tools,NO,NO,NO
xtext-dnn,NO,YES,YES
Xtext2-experiments,YES,YES,YES
xsemantics,YES,YES,YES
xtext-reference-projects,NO,YES,YES
FlatBuffersSchemaEditor,YES,YES,YES
eLang,NO,YES,YES
emt-xtext-archetype,NO,YES,YES
amalgamation-examples-xtext,NO,YES,YES
xtext-experimental,NO,NO,NO
dsl-devkit,YES,YES,YES
generator-xtext,NO,YES,YES
yang-design-studio,YES,YES,YES
xtextadd,YES,YES,YES
edelta,YES,YES,YES
xgherkin,YES,YES,YES
xtext.unittesting,YES,YES,YES
slizaa-opencypher-xtext,NO,YES,YES
cdo-xtext,YES,YES,YES
Xtext-Models-Stats-View,NO,NO,NO
xtext-jflex,NO,NO,NO
eclipse-typescript-xtext,NO,YES,YES
XMLText,NO,NO,NO
org.xtext.antlr.generator,NO,NO,NO
xtext-ide,NO,YES,YES
terminology,NO,YES,YES
veraPDF-model-syntax,NO,YES,YES
languageserver-example,NO,YES,YES
plantuml-eclipse-xtext,NO,YES,YES
JSFLibraryGenerator,YES,YES,YES
jkind-xtext,YES,YES,YES
Xtext2Sonar,NO,NO,NO
xtext-vscode,NO,YES,YES
Xtext-Workshop-Development-Workspace,NO,YES,YES
xtext-uml-example,YES,YES,YES
xtext-maven-example,YES,YES,YES
tptpParser,NO,YES,YES
xtexts,NO,NO,NO
xtext-tortuga-lang,YES,YES,YES
Xtext1-DSLs,NO,YES,YES
applause,YES,YES,YES
ecefrance2015-xtext-example,NO,YES,YES
DirectXTextBlock,NO,NO,NO
xtext-apidiff,NO,NO,NO
XTextView,NO,NO,NO
xtext-maven-example,YES,YES,YES
ThriftMDE,YES,YES,NO
xtext-external-editors,NO,YES,NO
xtext-generator-vscode,YES,YES,YES
ecommerce-sample,NO,NO,NO
xTextHandler-objc,NO,NO,NO
xtext_stateful_lexer,NO,YES,YES
XtextCon_Xcore_Maven,YES,YES,YES
vim-xtext,NO,NO,YES
xtext-debug-example-no-xbase,NO,YES,YES
Xtext-XMI,YES,YES,YES
XtextPlayground,NO,YES,YES
XTExtension,NO,NO,NO
org.fuin.dsl.cqrs,YES,YES,YES
EclipseCon2013_XtextTutorial,YES,YES,YES
megal-xtext,YES,YES,YES
org.fuin.dsl.ddd,NO,YES,YES
xtext.domainmodel,YES,YES,YES
xtext-perl,YES,YES,YES
Hexa.xText,NO,NO,NO
yaktor-dsl-xtext,YES,YES,YES
org.fornax.soa.xtextservicerepository,YES,YES,YES
xtext-reflective,NO,NO,NO
xtextcon-xbase-example,YES,YES,YES
org.eclipse.scout.xtext,YES,YES,YES
xtext-languageserver-xbase-example,NO,YES,YES
deprecated-test-editor-xtext,NO,YES,YES
eclipse_1C_xtext,YES,YES,YES
fowlers-statemachine-with-expressions,YES,YES,YES
XTextExamples,YES,YES,YES
XTextView,NO,NO,NO
org.xtext.example.mydsl.idea,YES,YES,YES
isis-script,NO,YES,YES
Xtext2Workshop,NO,NO,NO
Kukuroo,YES,YES,YES
xtext-languageserver-example-lsp4e,NO,NO,NO
Xtext_Xtend_HTML_Generator,YES,YES,YES
xtext-gef,YES,YES,YES
RDL-Editor,NO,YES,YES
Guice-Modules-DSL,YES,YES,YES
jbase,YES,YES,YES
Model-driven-Pretty-Printer-for-Xtext-Framework,YES,YES,YES
xtext-dmdl-editor,YES,YES,YES
androtext,NO,YES,YES
homeautomation-example,YES,YES,YES
graphQL-xtext-grammar,NO,YES,YES
frege-xtext,NO,YES,YES
org.eclipse.e4.xcss,NO,NO,NO
xtext-scoping,YES,YES,YES
ESE-2010-Tutorial,YES,YES,YES
xtext-orion,YES,YES,YES
xtext-expressions,NO,YES,YES
Jtag,NO,YES,YES
erlide_xtext,YES,YES,YES
xtext-forum-support-example,NO,NO,NO
Langage-WHILE,YES,YES,YES
gen-angular-grammar,YES,YES,YES
tutorialXtextSirius,NO,NO,NO
amalgamation-examples,YES,YES,YES
xtext-xsd-resourceprovider,NO,NO,NO
metamath-eclipse-xtext,NO,YES,YES
Xtext-Syntax-View,NO,NO,NO
xtext-uml-experiment,NO,YES,YES
ck2xtext,YES,YES,YES
petrinet_dsl,YES,YES,YES
xtext,NO,YES,YES
Xtext-Workshop-Runtime-Workspace,NO,NO,YES
XtextXT,NO,YES,NO
xtextTessla,YES,YES,YES
xtextLearning,NO,YES,NO
XtextBDI,YES,YES,YES
XtextExperiments,YES,YES,YES
XTextSelenium,YES,YES,YES
xtextScopes,YES,YES,YES
XTextUML,YES,YES,YES
XtextUtils,NO,NO,NO
XtextApricot,YES,YES,YES
xtextTests,?,?,?
XtextLangage,NO,NO,NO
XTextParser,NO,NO,NO
XTextView,NO,NO,NO
xtextSample,NO,NO,NO
XtextExamples,YES,YES,YES
XTextStudy,YES,YES,YES
XTextTemplate,NO,YES,YES
Xtext1,YES,YES,YES
XtextExample,YES,YES,YES
xtext,NO,YES,YES
xtext-plugin-with-maven-tycho,NO,YES,YES
xtext4roo,YES,YES,YES
XtextToXMI,YES,YES,YES
XtextCon2014,NO,NO,NO
xtext-test,NO,NO,NO
xtext42-coding,?,?,?
XtextBug437519,YES,YES,YES
xText,NO,YES,YES
XtextBug453268,YES,YES,YES
XtextClosureExample,YES,YES,YES
XTextViewDemo,NO,NO,NO
XtextMyDSLExample,?,?,?
XtextTestRepository,YES,YES,YES
XtextAtStackoverflow,NO,NO,NO
XTextFieldLimtDemo,NO,NO,NO
xtext-gradle,NO,NO,NO
THESIS_XTEXT,NO,NO,NO
sandbox-dsl,YES,YES,YES
XtextFormatingHoverSample,?,?,?
XTextCustomLexerExample,YES,YES,YES
DSL_Xtext2.3,YES,YES,YES
XtextAndSiriusIntegration,YES,YES,YES
EclipseCon2014_XtextTutorial,YES,YES,YES
Xtext,NO,YES,YES
xtext,NO,YES,YES
xtext,NO,YES,YES
Xtext,NO,YES,YES
XText,NO,YES,YES
xtext,NO,YES,YES
Xtext,NO,YES,YES
xtext,NO,YES,YES
Xtext,NO,YES,YES
xtext-examples,YES,YES,YES
dag.m1x,NO,YES,YES
xtext,NO,YES,YES
com.sandy.xtext.jovenotes.tests,NO,NO,NO
Xtext,NO,YES,YES
Xtext,NO,YES,YES
de.nie.fin,YES,YES,YES
XText,NO,YES,YES
xtext,NO,YES,YES
Xtext,NO,YES,YES
xtext,NO,YES,YES
xtext.15minTutorial,NO,YES,YES
Boxes,YES,YES,YES
famix.m3x,NO,YES,YES
SimScript,NO,YES,YES
aqleditor,NO,NO,NO
2012-02-03_dsls_mit_xtext,YES,YES,YES
org.eclipse.xtext.example.domainmodel,YES,YES,YES
xtextmaven,YES,YES,YES
xtextonboost,NO,NO,NO
xtextbg,NO,NO,NO
SpinCAD-Builder,YES,YES,YES
glproto,YES,YES,YES
dag.m1x.tests,NO,NO,NO
xtext-sm,YES,YES,YES
php.ware.web.ui,NO,NO,NO
xtextext,NO,NO,NO
xtextfsm,YES,YES,YES
dag.m1x.sdk,NO,NO,NO
xmodelica,YES,YES,YES
xtextgeneratetest,NO,NO,NO
com.sandy.xtext.jovenotes,YES,YES,YES
dag.m1x.ui,NO,NO,NO
viatra-evm-xtext,YES,YES,YES
ReqText,YES,YES,YES
e4dsl,YES,YES,YES
Xtext.Promo,YES,YES,YES
myDsl,YES,YES,YES
org.eclipse.xtext.example.arithmetics,NO,YES,YES
textual_verduler,?,?,?
examplextext,?,?,?
famix.m3x.ui,NO,NO,NO
sialx-xtext-ide,NO,YES,YES
DomainModel,YES,YES,YES
SmallJava,NO,NO,NO
de.htwg.mdse.setgame.entities.parent,YES,YES,YES
x-vhdl,YES,YES,YES
famix.m3x.tests,NO,NO,NO
CalcXtext,NO,YES,YES
xtext_examples,NO,YES,YES
xtext-lib,NO,NO,NO
atom-xtext-package,NO,YES,YES
bpel-xtext,YES,YES,YES
xtext-sandbox,YES,YES,YES
xtext-whitespace,NO,YES,YES
claseXtext,YES,YES,YES
famix.m3x.sdk,NO,NO,NO
xtext-composition,YES,YES,YES
xtext-javatools,NO,YES,YES
ontouml-xtext,NO,YES,YES
codebuilder-xtext,NO,YES,YES
xtext-utils,NO,NO,NO
xtext-debug,YES,YES,YES
Xtext-sandbox,YES,YES,YES
xtext-grammars,NO,YES,NO
XTEXT_EXAMPLE,YES,YES,YES
monaco-xtext,NO,NO,NO
xtext-demo,YES,YES,YES
picobot-XText,NO,YES,NO
Xtext-Light,NO,NO,NO
libXtextcursorchanger,NO,NO,NO
GrammaireXtext,?,?,?
xtext_project,YES,YES,YES
xtext_project,YES,YES,YES
xtext-xgen,YES,YES,YES
xtext-typesystem,YES,YES,YES
xtext-demo,YES,YES,YES
xtext.example,YES,YES,YES
xtext-typesystem,YES,YES,YES
ppXtext,NO,YES,YES
xtext_practice,YES,YES,YES
Xtext-Examples,YES,YES,YES
Xtext-examples,YES,YES,YES
runtime-Xtext,NO,NO,NO
language-xtext,NO,NO,NO
sll-xtext,YES,YES,YES
Xtext_test,YES,YES,YES
xtext-typesystem,YES,YES,YES
xtext-utils,NO,NO,NO
xtext-workshop,NO,YES,YES
ng-xtext,NO,NO,NO
MGPL-Xtext,NO,YES,YES
gradle-xtext,NO,YES,YES
Xtend_Xtext,YES,YES,YES
Convert-XText,NO,NO,NO
xtext_eclipse,NO,NO,NO
xtext-technocat,YES,YES,YES
xtext-xtestgen,YES,YES,YES
selenium-xtext,YES,YES,YES
modelica-xtext,YES,YES,YES
firewall-xtext,NO,YES,YES
JSEditorXtext,YES,YES,YES
paplj-xtext,YES,YES,YES
xtext-sublime,NO,NO,YES
thicket-xtext,YES,YES,YES
xtext-web,NO,YES,YES
xtext-dropwizard,NO,YES,YES
xtext-menetrend,YES,YES,YES
xtext-utils,NO,NO,NO
xtext_utils,NO,NO,NO
xtext-fsml,YES,YES,YES
xtext-json,NO,YES,YES
xtext-utils,NO,NO,NO
xtext-issues,NO,NO,NO
xtext-lexertrace,YES,YES,YES
Tcc,NO,NO,NO
lime-xtext,NO,NO,NO
xtext-recordmapper,YES,YES,YES
wwf-xtext,NO,YES,YES
XText-maven,YES,YES,YES
XText.scptd,NO,NO,NO
mgpl_xtext,NO,YES,YES
xtext-workshop,NO,YES,YES
org.xtext.example.mde,NO,YES,YES
XActiv,YES,YES,YES
webcalc,NO,YES,YES
skysail-prototypr-dsl,YES,YES,YES
certware-l-editor,YES,YES,YES
casualintellect_new_wizard,YES,YES,YES
org.xtext.amodel,YES,YES,YES
SiteWeb_XText,YES,YES,YES
hackcamp-xtext-automotivebus,YES,YES,YES
xtext.scoping.adventures,YES,YES,YES
bonaparte-apidsl,NO,YES,YES
yacc-ide,NO,YES,YES
xtext-bug-436688,YES,YES,YES
xtext-builddsl-tycho,NO,YES,YES
lwc13-xtext,NO,YES,YES
xtext-utils.uml,NO,NO,NO
xtext-forms-integration,YES,YES,YES
xtext-restriction-framework,YES,YES,YES
xtext-utils.devenv,NO,NO,NO
xtext-utils.xtend,NO,NO,NO
xtext-jaxcon-example,YES,YES,YES
xtext-demo-laquila,YES,YES,YES
xtext-iris-datalog,NO,YES,YES
rezept-dsl.xtext,YES,YES,YES
xtext-utils.unittesting,YES,YES,YES
xtext-utils.distribution,NO,NO,NO
htwg-cform-xtext,NO,YES,YES
xtext-example-conplan,NO,YES,YES
Xtext-Buckminster-Example,YES,YES,YES
xtextcon-typesystem-example,NO,YES,YES
org.xtext.example.tycho,YES,YES,YES
eclipse-orbit_xtext-web,YES,YES,YES
xtext_language_bla,YES,YES,YES
xtext-req-editor,YES,YES,YES
atom-xtext-autocomplete,NO,NO,NO
xtext-formatter-problem,NO,YES,YES
xtext-utils.distribution,NO,NO,NO
XText_TeSSLa,YES,YES,YES
booster2-xtext,NO,YES,YES
xtext-splitted-repo,YES,YES,YES
xtext-utils.uml,NO,NO,NO
xtext-utils.xtend,NO,NO,NO
xtext-forms-integration,YES,YES,YES
fxdiagram-xtext-examples,YES,YES,YES
openair,YES,YES,YES
xtext-typing-example,YES,YES,YES
xtext-utils.xtend,NO,NO,NO
xtext-ocl-extensions,YES,YES,YES
xtext-utils.distribution,NO,NO,NO
mcrl2.xtext,YES,YES,YES
rsbac.xtext.dsl,NO,NO,NO
jug-zgora-xtext,YES,YES,YES
xtext-utils.devenv,NO,NO,NO
devoxx2012-xtext,YES,YES,YES
xText_Practice,YES,YES,YES
xTextEdit,NO,NO,NO
xtext-utils.unittesting,YES,YES,YES
xtext-forms-integration,YES,YES,YES
xtext-forms-integration,YES,YES,YES
xtext-monaco-example,NO,YES,YES
xtext-ci-test,NO,YES,YES
plantuml-xtext-light,NO,YES,NO
xtext-utils.unittesting,YES,YES,YES
xtext-index-experiments,YES,YES,YES
xtext-utils.devenv,NO,NO,NO
xtext-gradle-demo,NO,YES,YES
xtext-multi-dsl,YES,YES,YES
dmss.pouex.xtext,NO,YES,YES
lunifera-xtext-runtimebuilder,YES,YES,YES
xtext-forms-integration,YES,YES,YES
xtext-forms-integration,YES,YES,YES
xtext-utils.uml,NO,NO,NO
dbFactoryXtext,NO,YES,YES
lwc13-xtext,NO,YES,YES
if4150-xtext,NO,YES,YES
acse-xtext-validation,YES,YES,YES
xTextLanguage,NO,NO,NO
Kinect-ECE-XText,YES,YES,YES
acse-xtext-gui,YES,YES,YES
xtext-gradle-problem,YES,YES,YES
xtext-forms-integration,YES,YES,YES
CodeXcessXtext,NO,YES,YES
xtext-ecore-xcore,YES,YES,YES
xtext_DSL_example,NO,YES,YES
xtext-demo-oxygen,NO,YES,YES
deprecated-xtext-index-backend,NO,YES,NO
Aqua,YES,YES,YES
org.eclipse.xtext.example.fowlerdsl,NO,YES,YES
xtext-workshop-code1,YES,YES,YES
Eclipse-Xtext-Mydsl-Plugin,YES,YES,YES
jetson,NO,YES,YES
summer,YES,YES,YES
Coffeescript-Eclipse,NO,YES,YES
compiler,YES,YES,YES
XPlane,NO,NO,NO
Xtext-Xtend-Buckminster-Example,YES,YES,YES
eclipse-typescript-xtext-repository,NO,NO,NO
EclipsePluginForXtext,YES,YES,YES
plantuml-eclipse-xtext_update,NO,NO,NO
xtext-multi-edit-example,YES,YES,YES
xtext.eclipse.15minExtended,YES,YES,YES
com.sandy.xtext.jovenotes.ui,NO,NO,NO
xtext-utils.xtend1,NO,NO,NO
xtext-arithmetics-web-example,YES,YES,YES
acse-xtext-knuth-binaries,YES,YES,YES
xtext-serializer-issue-example,NO,YES,YES
Xtext_MiniJava_IDE,YES,YES,YES
xtext-dsl-obj3,YES,YES,YES
gradle-xtext-xtend-problem,NO,NO,NO
firewall-dsls-externos-xtext,YES,YES,YES
Xtext-LWC-contribution--Instances-,YES,YES,YES
eclipse-webidl,NO,YES,YES
if4150-xtext-html,NO,NO,NO
htwg-cform-xtext-demo,NO,NO,NO
Xtext-GrammarMixin-Example,NO,YES,YES
xtext-utils.subproject-template,NO,NO,NO
xtext-utils.subproject-template,NO,NO,NO
ituXtextLandinConfigurator,YES,YES,YES
xtext-utils.xtend1,NO,NO,NO
old-tests-on-xtext,NO,YES,YES
xtext-ocl-xtend-poc,YES,YES,YES
xtext-serializer-parallel-problem,NO,YES,YES
lunifera-xtext-runtimebuilder-example,NO,YES,NO
xtext-utils.subproject-template,NO,NO,NO
xtext-android-gradle-example,NO,NO,NO
Xtext-Maven-BuildExample,NO,YES,YES
xtext-eclipse-gh-238,YES,YES,YES
XText-Maven-CleanStart,NO,YES,YES
org.xtext.example.pascalito,NO,YES,YES
JoveNotesProcessor,NO,NO,NO
xtext-utils.xtend1,NO,NO,NO
AutoCompleteXTextView,NO,NO,NO
uml-xtext-grammar-generator,NO,NO,NO
DialogScriptDSL,YES,YES,YES
org.xtext.dsl.restaurante,YES,YES,YES
xtext-extras-issue216,NO,YES,YES
net.akehurst.example.xtext.vertx,NO,YES,YES
de.htwg.xtext.setGame,YES,YES,YES
Xarchive,NO,YES,YES
com.br.refactoring.xtext.dsl,NO,YES,YES
xtext.15minTutorial.project,NO,NO,NO
eclipse-orbit_xtext-web-dsls,YES,YES,YES
org.eclipse.xtext.example.domainmodel,YES,YES,YES
xtext-existing-metamodel-gradle-example,YES,YES,YES
tycho.xtext.mwe2.test,NO,YES,YES
EclipseTaskJuggler,YES,YES,YES
xtext_code_gen_version_2,YES,YES,YES
xtext-j2ee-dsl,NO,YES,YES
xtext-gradle-plugin-issue-60,NO,YES,YES
ituXtextLandin2Configurator,YES,YES,YES
basicfamily,YES,NO,NO
2011-02-18_xtext_apache_wicket,NO,NO,NO
El,NO,YES,YES
de.htwg.mdsd.xtext.portals,NO,YES,YES
org.shashwat.xtext.smallJava,YES,YES,YES
gpp-for-xtext-master-thesis,?,?,?
Integrating-Xtext-and-JavaRAG,NO,YES,YES
org.xtext.example.pascalitoOld,NO,YES,YES
IGESImport,YES,YES,YES
xsample,YES,YES,YES
beantypes,YES,NO,NO
xtext-gradle-plugin-issue-61,NO,YES,YES
com.br.refactoring.xtext.dsl.ui,NO,NO,NO
org.eclipse.xtext.example.domainmodel.tests,NO,NO,NO
com.br.refactoring.xtext.dsl.tests,NO,NO,NO
org.shashwat.xtext.smallJava.ui,NO,NO,NO
xtext.eclipse.15minExtended.project,NO,NO,NO
MetroUiDescriper,YES,NO,NO
sygus-ide,NO,YES,YES
xtext-multilanguage-multiple-target-impl-reuse,YES,YES,YES
mybash,YES,YES,YES
XbaseSiriusIntegration,YES,YES,YES
android-code-generation,YES,YES,YES
zest-sm,NO,NO,NO
declaratividad-orm-java,YES,YES,YES
org.shashwat.xtext.smallJava.tests,NO,NO,NO
net.akehurst.example.xtext.vertx.lsp,NO,NO,NO
ClauTextWithEclipse,NO,YES,NO
2011-04-29_xtext_service_repository,NO,NO,NO
DSLEngBook-Xtext-P3Demo,NO,YES,YES
PrettyPrinter,NO,NO,NO
MVCLang,NO,NO,NO
tefler,YES,YES,YES
xvhdl,YES,YES,YES
XTuring,YES,YES,YES
org.eclipse.xtext.example.domainmodel.ui,NO,NO,NO
OperationsResearch,YES,YES,YES
julepp,NO,NO,NO
SmokingText,YES,YES,YES
temalabor,NO,YES,YES
communote-restws,NO,YES,YES
FormGeneratorPOC,NO,NO,NO
pocesl,NO,YES,YES
POMText,?,?,?
https---github.com-meysholdt-xtext_stateful_lexer,?,?,?
xrst,YES,YES,YES
performance_probes,NO,NO,NO
PowerLoomDSL,YES,YES,YES
jdl-ide,NO,YES,YES
SDF3-editor,YES,YES,YES
emf-sandbox,YES,NO,NO
FlexoModelingLanguage,YES,YES,YES
experimental-rmodp-dsl,YES,YES,YES
reqlang,YES,YES,YES
model-based-times,YES,YES,YES
high-dim,NO,NO,NO
deprecated-test-editor-index-backend,NO,NO,NO
EasyUnit,?,?,?
lsotnk.xbase.launching,NO,NO,NO
ReqLNG,YES,YES,YES
PAOC,YES,YES,YES
sysml.dml,YES,YES,YES
tlsf-ide,NO,YES,YES
asdl-ide,NO,YES,YES
EclipseExamples,YES,YES,YES
cityplanning,NO,YES,YES
soa-dsl-scaffolding,NO,YES,YES
yaxpath,YES,YES,YES
ASP,NO,NO,NO
boby,YES,YES,YES
kemble,NO,NO,NO
bsc-thesis-documentation,NO,NO,NO
mongoBeans,YES,YES,YES
external_jar_download,NO,NO,NO
xplatform,YES,YES,YES
entitygenerator,NO,YES,NO
polopoly-dsl,YES,YES,YES
dsl-feature-modelling,NO,YES,YES
statemachine-generator,YES,YES,YES
gov.nasa.jpl.imce.oml.core,NO,YES,YES
system-map-maker,NO,NO,NO
DomainmodelWithCrossReference,YES,YES,YES
protobuf4e,NO,YES,NO
testdsl,NO,YES,YES
Cool,YES,YES,YES
CompiladorJava,YES,YES,YES
kobold,YES,YES,YES
RankPL-EclipsePlugin,YES,YES,YES
ebnfworkbench,YES,YES,YES
RaspduinoDSL,YES,YES,YES
CmooSimpleJ,YES,YES,YES
majordomo,YES,YES,YES
CheckerDSL,YES,YES,YES
webml,YES,YES,YES
ParserGeneratorExample,YES,YES,YES
Model-Driven-Engineering--Eclipse-RCP-plugin--Software-product-line,YES,YES,YES
MameVHDL,YES,YES,YES
mydsl-emf-gen,YES,YES,YES
clinicaltrialcreator,?,?,?
aomxsgrammar,YES,YES,YES
melange-studio,NO,NO,NO
Event-Oriented-Language,YES,YES,YES
Bicycle-Shop,YES,YES,YES
SwarmRobotics,YES,YES,YES
gh,NO,NO,NO
