Owner,Repo,Forks Count,Stars Count
waynepiekarski,XTextureExtractor,14,26
TypeFox,theia-xtext-sprotty-example,28,68
altran-mde,xtext-sirius-integration,6,21
graph-quilt,graphql-xtext,6,22
TypeFox,vscode-xtext-sprotty-example,10,13
eclipse,xtext-website,13,2
intuit,common-xtext-expression-language,7,7
PacktPublishing,Implementing-Domain-Specific-Languages-with-Xtext-and-Xtend,6,9
resloved,xtext,2,8
lurenzhangdeshuai,EmojiText-XText,3,7
kuniss,xtext-ide-extensions,3,6
graph-quilt,xtext-service-dsl,2,10
btc-ag,service-idl,8,8
eventB-Soton,XUML_B,4,0
Minres,CoreDSL,2,8
TypeFox,xtext2langium,1,5
v-bashev,post_core,3,1
NielsLiisberg,RPG-lexer,0,6
OpenSextant,XText,1,4
laubfall,jugh-xtext-arkanoid,0,6
khabdrick,LambdaXtextract,0,5
bsati,mgpl-xtext,2,1
UnBCIC-TP2,Oberon-XText,2,0
TopXDevTeam,TopXTextUI,0,6
ngreve,xtext_web,1,4
nmaoez,composer-language-server,0,0
FAMILIAR-project,xtext-dsl-compiler-example,2,1
eventB-Soton,XTheory,2,0
program-in-chinese,xtext_tutorial_15_min_zh,0,5
code-kontor,openCypher-Xtext,1,4
eclipse,epsilon,11,38
UnBCIC-TP2,Oberon-IDE,2,0
idiomaticsoft,xtext-tips,0,3
atb,pt.isep.dsl.puml,0,3
Webastronaut,mgpl,2,1
PAMunb,MetaCrySL,1,2
raghvendra-v,tosca-yaml-lsp,1,3
zxhr,gradle-xtext-generator,1,2
tmtron,ex.xtext.lsp,0,2
echebbi,standalone-xtext-example,1,2
darvasd,xtext-docs-gen,1,2
jcabot,WordPress-Plugin-DSL,0,4
JensBAndersen,PolicyLanguage,0,0
Zannith,XtextTest,0,0
AnnaLenaMeiners,XtextExamples,0,0
Kerolos77,XTextEditor,0,0
Mabar16,xtextMath,0,0
holgerschill,xtextCodebuff,1,0
devzwy,XTextView,0,0
mraminella,XtextExamples,0,0
msntts,XtextStudy,0,0
chiachong,XTextClassification,0,0
vinisbranco,XtextGerador,0,0
pakhopav,XtextPlugin,0,0
IamRaziel,XtextTutorial,0,1
dstoft,XtextWorkspace,0,0
MisbahAwan,XtextCollaborativeEnvironment,0,0
pakhopav,XtextLanguage,0,0
fonuhuolian,XTextView,0,0
RomainLefeuvre,xtextHW,0,0
BestCoderXQX,XTextFlagDemo,0,1
vinisbranco,XtextTrabalho2,0,0
loicperreal,Xtext,0,0
goflyboy,xtextsample,0,0
SharkJ,XtextInheritanceTest,0,0
hewenyuAndroid,XTextView-Android,0,0
OLibutzki,XtextExtras446,0,0
vinisbranco,XtextJavaScript,0,0
AndreasGroentved,XtextDSL2018,1,1
robertchristen,XTextCategorizer.Demo,0,0
alvarofpp,tutorial-xtext,0,0
pakhopav,XtextLanguageGradle,0,0
pakhopav,xtext,0,0
adamhorvath88,Xtext,0,0
0xMYsteRy,Xtext,0,0
taylorlohan,XtextHealth2.0,0,0
Caroline66666,xtext,0,0
xuxiaowen87,XText,0,0
MisbahAwan,xtext,0,0
ichxorya,failed-xtext2vscode-example,0,1
hwong23,dsl.evtool,0,0
RobMoloney,xtext,0,0
l1ppe,xtext,0,0
madhouni,wps-ecore-ocl-xtext,0,0
MISO4202,uniandes.mdd.xtext2xmi,0,0
tchebs,xtext,0,0
mlopez8621,xtext,0,0
magick93,xtext,0,0
ShivaniBali,Theia-Xtext-Yangster-Project-,0,1
ehah,XtendExample,0,0
MISO4202,co.edu.uniandes.gramaticajmeter,0,0
vks2106,prenum,0,0
drkstr101,hello-xtext,0,0
arthurmosley,Essex-Test,0,0
eclipse,xtext-website-publish,0,0
jflopezfernandez,xtextutils,0,0
AlanQuadros,xtextlpmangan,0,0
jonaslagoni,JSON-Schema-to-internal-DSL,0,2
OezzyB,e-portfolio-Xtext,0,0
fedorov-vk,apds_dsl,0,0
zinon,xtextminer,0,0
mustafa231,xtexteditor,0,0
MOSafely,xtextrepo,0,0
bproenca,mpti-dsl,1,0
LorenzoBettini,xtext-domain-model-guice-5,0,0
BlackBeltTechnology,karaf-features-eclipse-xtext,0,0
vashchenkov,xtext-samle,0,0
germono,FormXtext,0,0
Quingo,compiler_xtext,0,1
ShrawanBK,xtext_salestransaction,0,0
tshoang,XMarking,0,0
szschaler,henshin_xtext_adapter,0,0
hakimuga,BIP-language,0,0
adautofbn,pascal-xtext,0,1
efuentesp,Xtext-UCS,0,0
preesm,ripacola-xtext,0,0
wibeck,testXtext,0,1
msun68,xtext-examples,0,0
xTexturedxx,xTexturedxx,0,0
HexXText,HexXText,0,0
Gricel-lee,Xtext-Maven,0,0
kolchanov,org.xtext.example.mydsl.parent,0,0
kecksk0enig,vuc-xtext,0,0
EvdokimovMaks,xtext-expressions,0,0
Sorokatov,xtext-demo,0,0
uppaal-emf,uppaal-xtext,0,0
matheuslenke,Xtext-UML,0,0
r4mtor,xtext-talks,0,0
nbhusare,xtext-playground,0,0
kokostino,xtext_kokomodel,0,0
GiordanoT,ocl-xtext,0,0
dr-jam,ABL-XText,0,0
lahirugayanga,xtext-projection,0,0
daniel614,xtext-webapp,0,1
Spiderixius,DSLIndividualXtext,0,1
mdsd-team-1,photos-xtext,0,0
efuentesp,xtext-cobol,0,0
torosky,Libreria-Xtext,0,0
MaxiEckert,Xtext-example,0,0
as500,xtext-rpgle,0,0
JavierOramas,AudiXText,0,1
xtext,xtext-monorepo,0,0
vjordan,Xtext_browser,0,0
Yop-La,xtext_project,0,0
JesterOrNot,Gitpod-XText,0,0
eclipse,xtext-archive,0,0
Lethalaric,xtext-learning,0,0
DSIE2,tr.xtext,0,0
ShivaniBali,Theia-Xtext,0,0
kthoms,xtext-webinar,0,0
christopherosthues,mgpl-xtext,0,0
zhanglin2018,learnXtext,0,0
seebgar,Xtext-Projects,0,0
Vallenstein,xtext_web,0,0
AbQadirr,dialogXtextflow,0,0
blue995,xtext-orm,0,0
arockiaraj1994,xtext-mvn,0,0
moein9,passXtext,0,0
saivarunr,xtext-editor,0,0
JesterOrNot,xtext-cli,0,0
Somiacao,xtext-web,0,0
katmatt,graphql-xtext,0,0
LIONant-depot,xtexture_compiler,0,0
tchebs,xtext-example,0,0
ballcoach12,xtext_samples,0,0
AssaX0,MDSE-xtext,0,0
samples-projects,sample-xtext,0,0
karthik137,xtext-demo,0,0
MDE-Course-23-24,SIRIUS-XTEXT,0,0
softlang,megal-xtext,0,0
laurocesar,xtext-domainmodel,0,0
Yahaya12,Xtext-project,0,0
malhxr,SpeechXtext,0,0
stanimirovv,xtext-extractor,0,0
3m3k3,xtext-congen,0,0
pen-zhang,xtext_elm_editor,0,1
NSaitoNmiri,toppers_cfg_xtext,0,0
tmtron,ex.xtext.twog,0,0
vinicius0197,metacrysl,0,0
Dexels,navascript-editor,1,0
adrianrutle,PCS953-EMF-Exercise,0,0
ravornyo,xspice,0,0
yamen-njm,IotXtext,0,0
kainzpat14,xtext-plsql,0,1
epsilonlabs,emc-xtext,0,1
robertovillarejo,kukulkan-grammar,0,0
lvanzeun,ulm-xtext-test,0,1
purerstamp,N7.compilateur,0,1
jaedabee,xtext-gradle-test,1,0
MassiBelaid,M-langeuse-Xtext,0,0
qxe35v,xtext_encoding_dsl,0,0
random-eclipse,nix-eclipse-xtext,0,0
meta-doodle,Xtext_Gradle_Test,0,0
LiamWalsh98,nusmv-xtext-lsp,0,1
MaximilianKoestler,vscode-xtext-links,0,0
AhmedEssam2212,xText-Editor-,0,0
adrinerDP,DSL-with-Xtext,0,0
cdietrich,xtext-domainmodel-ls,0,0
tmtron,ex.xtext.ml,0,0
andrewsandu,xtext-web-example,0,0
pngowda,xtext-build-tools,1,1
SharkJ,xtext-dsl-sample,0,0
hammedb197,team-hacktive-xtext,0,0
SimonCockx,xtext-monaco-example,0,0
mister-walter,xtext-folding-issue,0,0
alexvolh,xtext-xml-grammar,0,0
SharkJ,my-theia-xtext,1,0
urbanoanderson,xtext-gait-model,0,1
vjordan,Xtext_directory-file,0,0
JosBouwhuis,xText-DSL,0,0
CS130-W20,assignment-2-xtext,1,0
lunifera,xtext-jvmtypeprovider-standalone,0,0
bobbyfisher1,eclipse-workspace,0,0
dsl-course,xtext-entities-tutorial,0,0
Highbrainer,xtext-pde-target,0,0
mattsse,xtext-fipa-acl,0,0
XIECHO,qingo_xtext_documentation,1,0
FariSoftware,xtext-problem-matcher,0,0
ShrawanBK,xtext.sales.transactions,0,0
Lzgpom,xtext-gen-extension,0,0
drkstr101,Domainmodel,0,0
vinicius0197,expressions-dsl,0,0
LorenzoBettini,xtext-xdoc-releases,0,0
KarstenWilken,xTextForum,0,0
S-wald,xtext-plugin-gradle,0,0
lahirugayanga,xtext-example-dsl,0,0
cdietrich,xtext-fragment-experiments,0,0
cdietrich,xtext_bug_1974,0,0
bergmanngabor,xtext-railmap-demo,0,0
mchlrch,xtext-intro-bfh,0,0
EvdokimovMaks,xtext-example-entities,0,0
cipek,MyFirstXText,0,0
pngowda,xtext-ci-libs,0,0
paulvberlin,BaSiriusXtext,0,1
szarnyasg,sql-pgq-xtext,0,0
frademacher,xtext-jpms-test,0,0
xtext,xtext-monorepo-lfs,0,0
LorenzoBettini,xtext-build-utils,1,0
cdietrich,xtext-two-dsls,0,0
balazsgrill,xtext_bug508518,0,0
Tim-S,xtext-valueconverter-example,0,0
ayakurtam,xText-Editor,0,0
HouseBuilder-MDE,HouseBuilder-Xtext,0,0
xtext,xtext-orbit-replacement,0,0
fedorov-vk,xtext-xcore-sample,0,0
gustavotemple,mo631xtext,0,0
Tim-S,xtext-mapbasedscope-example,0,0
shakenetwork,xTextHandler,0,0
GabrielBozza,ProjetoXtextPFC,0,0
HexXText,HexXTextSMP,0,1
snarkipus,xtext-dsl-book,0,0
fedorov-vk,xtextxtend-book-examples,0,0
ArneDeutsch,xtext-gradle-example,0,0
oliver-reinhard,xtext-ppt-demo,1,0
tpluscode,xtext-completion-nullpointer,0,0
idiomaticsoft,sbt-xtext-plugin,0,0
pen-zhang,online_elm_xtext,0,0
raglu,ExternalDSL-xtext,0,0
kulcsii,xtext-railmap-theia,0,0
NiccoMlt,xtext-showdown-grammar,0,0
NinjaArmy,xtext-language-server,0,0
jnt0r,xtext-npe-reproducable,0,0
HermanPeeren,eJSL-ANTLR4,0,2
cs130-w21,statemachine,0,1
csbc92,MDSE-assignment3,0,0
ghillairet,org.example.mydsl.parent,0,0
antoine-morvan,caph-java-parser,0,0
abatti,XTEXT_FACPL3_PreserveVarious,0,0
tfLabs,xtext-languageserver-example-duplicator,0,0
LorenzoBettini,xtext-maven-plugin-example,0,1
cdietrich,xtext-eclipse-issue-1009,0,0
patrickneubauer,UoY-MODE-XTEXT,0,0
cau-se,sprat-ecosystem-dsl-xtext,0,0
cdietrich,theia-xtext-vscode-example,0,0
cdietrich,j9-tycho-xtext,0,0
loradd,xtext-lsp-ecore-support,0,0
nnn911,LaTeXTextOverlay,0,0
IbanezGio,VuC,0,0
Samirez,DSLs,0,0
ShahimEssaid,com.essaid.model.xtext,0,0
gon10,EclipseRepoTese,0,0
max-leuthaeuser,jmhmathexample,0,0
tshoang,WhitespaceIDE,0,0
seebgar,MISO4202-proyecto-xtext,0,0
NiccoMlt,xtext-15-minutes-tutorial,0,0
SharkJ,theia-xtext-extension-test,0,0
jku-win-se,JsonBasedXtextGrammar,0,0
altran-mde,xtext-sirius-integration.io,1,1
cdietrich,xtext-core-issue-1835,0,0
Zaki-Fadlan,xtext_getting_started_skilledup,0,0
raptor494,Xtext-Minecraft-JSON-Languages,0,0
rudi,xtext-emacs-lsp-demo,0,1
fedorov-vk,apds_prototype,0,0
test-editor,test-editor-xtext-gradle,0,1
Ixgauth,perspectiveDSL-Sirus-Xtext,0,0
keve98,SzakD_xtext_xtend,0,1
silvergl,xtext-headless-rcp-example,0,0
reinaqu,bpmnFromXtextDSL,0,1
xtext,xtext-p2-orbit,1,0
dsl-course,xtext-tutorial-turku-interim,0,0
tfLabs,xtext-lsp-validation-anyway,0,0
BalzGuenat,xtext-bug-minimal-example,0,0
dmfullstack,org.xtext.example.mydsl,0,0
SuelanyBrito,JFlex_CUP_XText_SQL,0,0
cdietrich,xtext-languageserver-example-simple,1,1
msntts,Xtext-Standalone-fat-jar,0,0
oldulov,cfeditor,0,0
LorenzoBettini,xtext-type-errors-examples,0,1
claudenirmf,OntoUML-2.0-Xtext,0,1
Mehmetcanss,example_xtext_language_server_vscode,0,0
lidochca,xtext.skip.build.before.rename,0,0
cdietrich,xtext-maven-plugin-coverage-example,0,0
Kevin-Philip,TP_etudiant_Compilax,0,0
elite-se,elite-se.xtext.languages.plantuml,0,0
tshoang,BareBonesIDE,0,0
tareklel,PDFtoText,0,0
TVTower,TVTBlitzmaxEditor,1,1
cdietrich,xtext-multi-dsl-manual-metamodel,0,0
hallvard,xost,0,0
davidmpaz,log-book,0,0
oliver-reinhard,xtext-scoping-default-imports-demo,0,0
tshoang,Simple-Barebone-XText-based-IDE,0,1
MISO4202,uniandes.mdd.example.create-xtext,0,0
NaoMod,XText-Language-Server-in-VSCode,0,1
MISO4202,xtext-egl-sql2java,1,0
cdietrich,simple-xtext-parallel-load-example,0,0
bobbyfisher1,expressions,0,0
lowcomote,DBML-to-ER,0,0
tfLabs,xtext-n4js-lsp,0,1
yishakabreham,mde.sales.transactions.xtext.4,0,0
Rajesh2015,DSL-using-Xtext-and-Xtend,0,0
cdietrich,xtext-lsp-tests-with-tycho,0,0
CarlosAsrc,Reconhecedor-scheme,1,1
oliver-reinhard,xtext-scoping-default-namespaces-demo,0,0
TVTower,TVTDatabaseEditor,1,0
casino-mdd,DSL,0,0
cokeSchlumpf,bashdsl,0,1
sumeetchhetri,faugjs-eclipse-plugin,0,0
sderrien,Uclid-editor,0,0
GlancingMind,xtext-lsp-missing-deleteFile-impl,0,0
zmy3036190149,theia-xtext-pf-v1-backup,0,0
MDSDLab,mdsd-2023-lab2-xtext-xtend,0,0
abieren,MDSD-Xtext-Project-for-JavaFX,0,0
SimonCockx,xtext-assertAllWhitespaceIsFormatted,0,0
tombk556,SF_Factories_Beleg2324_Xtext_DSL,0,0
DonatasC,CodeGeneration,0,0
trichterwolke,init,0,0
zs6jce,x400-xrpgle,1,1
cyrilnavessamuel,TripManagment,0,0
paullewallencom,xtext-xtend-978-1-7864-6496-5,0,1
coalae,telemed,0,1
vorburger,xtend-StackOverflowError-issue461,0,0
JoaoMAlmeida,projetoCompiladores18-2,0,0
Bisssen,math_assignment_3_math_compiler_xtext_and_xtend,0,0
vks2106,domain.model,0,0
metafacture,metafacture-flux,0,0
mrtnstn,example-script-language,0,0
Michel-Nassalang,eclipse_workspace,0,0
varadbal,FunPL,0,0
oliverablagojevic,QuestionnaireDSL,0,0
EightPillars,NmtranEditor,0,0
DSIE2,Implementing-observer-design-pattern-with-Xtext-and-Xtend,0,0
George-6629,Lobster-language-conversion-sql-language-based-on-Xtext,0,0
hvbargen,meth,0,0
mischnic,bachelors-thesis,0,0
cs130-w22,statemachine,0,1
cesarlaso,tfm-udima-arquitectura-del-software-dsl-ecore-xtext-emf,0,0
houssemradhouane,Meta-Modelisation-of-Games-Using-UML-Eclipse-Xtext-Acceleo-JAVA,0,1
mdsd-team-1,domain-specific-language,0,0
PalladioSimulator,Palladio-Editors-VSCode,1,1
nils-christian,xtend-active-annotation-issue,0,0
modicio,feature-dsl-tools,0,0
HBuender,Aim42Visualizer,0,1
scanyboss,ide-yourdsl,0,0
spirvdev,dumpsymb,0,1
thlaegler,edilang,0,1
agonzalezgaliana,mydsl-language-server,0,0
codezork,DSL-Blog,0,0
LorenzoBettini,issue-2000-example,0,0
trifonnt,net.adempiere.dsl.properties.spring.parent,0,0
scanyboss,hello-world-language,0,0
joerg-holtmann,Pretty-Printer_Language-Analysis,0,1
coffeeframework,HLVL,0,0
HermanPeeren,eJSL-MPS,0,1
kukulkan-project,kukulkan-language-server,0,0
mdsd-team-1,dsl-layered-style,0,0
larissafiorini,t2-lingProg,0,0
ragben,NetzDsl,0,0
Cosimo5lli,assertx-swing,0,0
gyaltso,Eclipse-Training-Schedules,0,0
wzurborg,xtend-example,0,0
kyberszittya,simple-ros-code-generator,0,0
LinguaPhylo,linguaPhyloDSL,0,0
dsanmartins,Entidades,0,0
opcoach,datasample,1,0
bujosa,smart-dsl,1,2
robinguill,DSL_UML_INSA,0,0
DedalArmy,SpringDSLJava,0,0
LiamWalsh98,tumlrt-language-server,0,0
jonev,HTTP-REST-test-DSL,0,0
ElBilbao,DSL-Wizard-Creator,0,0
ooaa30,Wail,1,0
Wilson008,GrammarGenerator,0,0
ScytherTool,dsl,0,0
NaoMod,MiniTL,0,0
ryangarvey,mde-spec,0,0
bfMarcelino,SchemeLP,0,0
henriklange,ifcBrickConvert,0,0
osarenogae,fault_trees_textual_editor,0,0
claudenirmf,TPTP-Editor,0,0
augustin-rialan,IDM,0,0
henriklange,ifcBrickConvertDsl,0,0
PikaQin,XModel-Code-Converter,1,1
helloyaqin,XModel-Code-Converter,0,1
Garlo13,CEPStaticAnalysis,1,0
Frederic-Boulanger-UPS,MiniARM-feature,0,1
Jaddison011,C4EventB,0,1
MDEGroup,metatemplating,0,0
abdullah-4Mohammed,AWS-EC2-Service_DSL-EMF,0,0
grammeaway,math-interpreter-dsl,0,0
ahmedsaleh1998,concept_project,0,0
Chaimaa-Louahabi,Model-Driven-Engineering,0,0
fayssalElAnsari,Kotlin-Meta-Model,0,0
MisbahAwan,SeamlessRuntimeTransformations,0,0
ProjetoDSL,CanopusDesign,0,0
Ryuzaki101,Workbench,0,0
eclipse,xtext,314,746
eclipse,xtext-core,98,117
eclipse,xtext-xtend,53,101
eclipse,xtext-eclipse,80,49
eclipse,xtext-extras,38,20
eclipse,xtext-web,36,14
xtext,seven-languages-xtext,47,67
eclipse,xtext-maven,26,13
eclipse,xtext-lib,33,19
xtext,maven-xtext-example,33,62
seebk,LaTeXText,18,137
cdietrich,xtext-languageserver-example,35,32
eclipse,xtext-idea,18,13
adamschmideg,coffeescript-eclipse,26,66
RvonMassow,xDoc,15,33
xtext,xtext-gradle-plugin,20,47
LorenzoBettini,packtpub-xtext-book-2nd-examples,24,68
PrinceMei,xTextHandler,76,0
LorenzoBettini,packtpub-xtext-book-examples,20,34
theia-ide,theia-xtext,13,29
svenefftinge,xtext-lsp-workshop,12,28
ObeoNetwork,Xtext-Sirius-integration,11,19
dslmeinte,Xtext2-DSLs,5,17
merks,Xcore,5,31
ssi-schaefer,lcdsl,11,22
eclipse,xtext-umbrella,20,2
danieldietrich,xtext-protected-regions,6,12
xtext,xtend-gradle-plugin,8,45
aphethean,xtext-maven-examples,6,21
ckulla,xtext-tycho-example,7,14
vorburger,xtext-sandbox,7,8
basilfx,xtext-standalone-maven-build,9,8
JakeGinnivan,XText,5,7
OLibutzki,xtext.tools,4,24
Xpitfire,xtext-dnn,5,14
LorenzoBettini,Xtext2-experiments,3,12
eclipse,xsemantics,19,32
xtext,xtext-reference-projects,6,7
mzaks,FlatBuffersSchemaEditor,4,18
vorburger,eLang,4,7
fuinorg,emt-xtext-archetype,4,10
eclipse-soc,amalgamation-examples-xtext,4,9
kthoms,xtext-experimental,3,11
dsldevkit,dsl-devkit,28,38
itemis,generator-xtext,3,7
att,yang-design-studio,18,25
martinbaker,xtextadd,2,16
LorenzoBettini,edelta,6,9
sebastianbenz,xgherkin,5,29
vladdu,xtext.unittesting,7,1
slizaa,slizaa-opencypher-xtext,3,9
xpomul,cdo-xtext,5,2
mark-christiaens,Xtext-Models-Stats-View,5,3
TypeFox,xtext-jflex,5,2
vorburger,eclipse-typescript-xtext,4,3
patrickneubauer,XMLText,3,5
xtext,org.xtext.antlr.generator,2,11
boalang,xtext-ide,3,3
nittka,terminology,4,3
veraPDF,veraPDF-model-syntax,5,2
TypeFox,languageserver-example,4,7
Hellmy,plantuml-eclipse-xtext,2,7
stephanrauh,JSFLibraryGenerator,6,12
loonwerks,jkind-xtext,2,4
TatyPerson,Xtext2Sonar,3,2
TypeFox,xtext-vscode,2,4
svenefftinge,Xtext-Workshop-Development-Workspace,3,2
cdietrich,xtext-uml-example,2,4
cdietrich,xtext-maven-example,3,4
marklemay,tptpParser,2,8
borgar,xtexts,3,0
uqbar-project,xtext-tortuga-lang,2,4
dslmeinte,Xtext1-DSLs,1,8
applause,applause,24,98
LorenzoBettini,ecefrance2015-xtext-example,2,4
jcmm33,DirectXTextBlock,2,3
dhuebner,xtext-apidiff,3,0
appdev,XTextView,0,6
oehme,xtext-maven-example,2,3
SMadani,ThriftMDE,3,8
xtext,xtext-external-editors,0,14
itemis,xtext-generator-vscode,2,3
soluvas,ecommerce-sample,4,1
tianguanghui,xTextHandler-objc,3,0
meysholdt,xtext_stateful_lexer,2,2
holgerschill,XtextCon_Xcore_Maven,1,5
scottopell,vim-xtext,0,7
itemis,xtext-debug-example-no-xbase,2,1
TypeFox,Xtext-XMI,0,7
joergreichert,XtextPlayground,0,4
wuwen1030,XTExtension,1,6
fuinorg,org.fuin.dsl.cqrs,3,0
JanKoehnlein,EclipseCon2013_XtextTutorial,0,4
avaranovich,megal-xtext,2,0
fuinorg,org.fuin.dsl.ddd,1,10
arturboronat,xtext.domainmodel,2,1
otrosien,xtext-perl,2,0
cmendible,Hexa.xText,2,1
SciSpike,yaktor-dsl-xtext,2,1
andrearn,org.fornax.soa.xtextservicerepository,0,6
ujhelyiz,xtext-reflective,1,4
szarnekow,xtextcon-xbase-example,2,0
bsi-software,org.eclipse.scout.xtext,2,0
cdietrich,xtext-languageserver-xbase-example,2,0
test-editor,deprecated-test-editor-xtext,0,5
awk-kazmin,eclipse_1C_xtext,2,0
svenefftinge,fowlers-statemachine-with-expressions,4,8
copton,XTextExamples,0,2
GeekBugs,XTextView,0,2
akosyakov,org.xtext.example.mydsl.idea,2,0
vaulttec,isis-script,2,8
HBehrens,Xtext2Workshop,0,2
GrupoHunter,Kukuroo,2,0
itemis,xtext-languageserver-example-lsp4e,0,5
fatalerrortan,Xtext_Xtend_HTML_Generator,0,4
spoenemann,xtext-gef,1,3
Minres,RDL-Editor,0,11
svenefftinge,Guice-Modules-DSL,1,5
LorenzoBettini,jbase,1,11
mn-mikke,Model-driven-Pretty-Printer-for-Xtext-Framework,1,5
hishidama,xtext-dmdl-editor,0,3
cmark,androtext,1,7
svenefftinge,homeautomation-example,0,2
SOM-Research,graphQL-xtext-grammar,1,3
janesser,frege-xtext,0,2
szarnekow,org.eclipse.e4.xcss,0,3
LorenzoBettini,xtext-scoping,1,2
JanKoehnlein,ESE-2010-Tutorial,0,4
spoenemann,xtext-orion,0,2
Modaptix,xtext-expressions,1,2
nittka,Jtag,1,2
erlide,erlide_xtext,1,2
cdietrich,xtext-forum-support-example,0,2
ESIR2Compilation,Langage-WHILE,0,2
jhonatan89,gen-angular-grammar,1,2
Sofiane-13,tutorialXtextSirius,0,2
eclipse-soc,amalgamation-examples,1,3
dvdkruk,xtext-xsd-resourceprovider,0,2
marnix,metamath-eclipse-xtext,0,2
JanKoehnlein,Xtext-Syntax-View,0,2
planger,xtext-uml-experiment,0,2
rquinio,ck2xtext,0,2
mzaks,petrinet_dsl,1,2
drnappalm,xtext,0,0
svenefftinge,Xtext-Workshop-Runtime-Workspace,1,2
martijndwars,XtextXT,0,0
nahni,xtextTessla,0,0
baidty,xtextLearning,0,0
MoayadHn,XtextBDI,0,0
fzalila,XtextExperiments,0,0
Girish-Venkatesh,XTextSelenium,0,0
Vinayakatk,xtextScopes,0,0
01Lizard10,XTextUML,0,0
Salome-Maro,XtextUtils,0,0
fanghuixing,XtextApricot,0,0
mraminella,xtextTests,0,0
Alma2015RSABSAWA,XtextLangage,0,0
myorb,XTextParser,0,0
Jhinnn,XTextView,0,1
kathisai,xtextSample,0,0
huibo-shi,XtextExamples,0,1
osamu-k,XTextStudy,0,0
Treehopper,XTextTemplate,0,0
seba111,Xtext1,0,0
shinesamjacob,XtextExample,0,0
ajperalt,xtext,0,1
schakko,xtext-plugin-with-maven-tycho,1,2
colameo,xtext4roo,0,0
vinpereira,XtextToXMI,0,1
JanKoehnlein,XtextCon2014,0,0
bink81,xtext-test,0,0
xtext42,xtext42-coding,0,0
borisbrodski,XtextBug437519,0,0
hypery2k,xText,0,1
borisbrodski,XtextBug453268,0,0
arnulfo-rodriguez,XtextClosureExample,0,0
superxlx,XTextViewDemo,0,0
johnBened,XtextMyDSLExample,0,0
philiber92,XtextTestRepository,0,0
fabienfleureau,XtextAtStackoverflow,0,0
yunxiaocloud,XTextFieldLimtDemo,0,1
eclipse,xtext-gradle,1,0
Mensmec,THESIS_XTEXT,0,0
MacJariel,sandbox-dsl,0,3
chetanladdha,XtextFormatingHoverSample,0,0
ainslec,XTextCustomLexerExample,1,0
hem28,DSL_Xtext2.3,0,0
HBuender,XtextAndSiriusIntegration,0,1
meysholdt,EclipseCon2014_XtextTutorial,1,0
jaimedelgado,Xtext,0,1
chris125964,xtext,0,0
DonRenando,xtext,0,0
martijndwars,Xtext,0,0
ozkandemir,XText,0,0
johnahfong,xtext,0,0
Mensmec,Xtext,0,0
pellcorp,xtext,0,0
Tutti91,Xtext,0,0
ANCIT,xtext-examples,0,0
DECENTSoftwareAssessment,dag.m1x,0,0
rmemory,xtext,1,0
deb-sandeep,com.sandy.xtext.jovenotes.tests,0,0
yasuohosotani,Xtext,0,0
Nika24,Xtext,0,0
BenediktNiehues,de.nie.fin,0,0
AlexElvers,XText,1,0
lakzso,xtext,0,0
seba111,Xtext,0,0
MacJariel,xtext,0,1
tmtron,xtext.15minTutorial,0,1
blewis13,Boxes,0,0
DECENTSoftwareAssessment,famix.m3x,0,0
dslmeinte,SimScript,1,2
webdaford,aqleditor,0,0
goldschmiede,2012-02-03_dsls_mit_xtext,0,0
kthoms,org.eclipse.xtext.example.domainmodel,0,1
Reitzner,xtextmaven,0,0
hectorsun,xtextonboost,0,0
duck2,xtextbg,0,0
HolyCityAudio,SpinCAD-Builder,4,5
ceefour,glproto,0,2
DECENTSoftwareAssessment,dag.m1x.tests,0,0
gvd,xtext-sm,0,1
davidmpaz,php.ware.web.ui,0,0
DanielWeber,xtextext,0,1
fzalila,xtextfsm,0,0
DECENTSoftwareAssessment,dag.m1x.sdk,0,0
jgoppert,xmodelica,0,1
Vinayakatk,xtextgeneratetest,0,0
deb-sandeep,com.sandy.xtext.jovenotes,1,0
DECENTSoftwareAssessment,dag.m1x.ui,0,0
viatra,viatra-evm-xtext,0,0
protossoftware,ReqText,0,0
meysholdt,e4dsl,1,3
benzait27,Xtext.Promo,0,0
malakeel,myDsl,0,0
npalix,org.eclipse.xtext.example.arithmetics,0,0
sormgabriel,textual_verduler,0,0
ekowahyudi,examplextext,0,0
DECENTSoftwareAssessment,famix.m3x.ui,0,0
nakul02,sialx-xtext-ide,0,0
kduske-n4,DomainModel,0,0
Infoly,SmallJava,0,0
inakuhn,de.htwg.mdse.setgame.entities.parent,0,0
mlanoe,x-vhdl,0,2
DECENTSoftwareAssessment,famix.m3x.tests,0,0
nkonev,CalcXtext,0,0
meysholdt,xtext_examples,0,0
manuelleduc,xtext-lib,0,0
xarvey,atom-xtext-package,1,1
LolloCorte,bpel-xtext,0,0
sciolizer,xtext-sandbox,0,0
denschu,xtext-whitespace,0,1
pablitar,claseXtext,1,0
DECENTSoftwareAssessment,famix.m3x.sdk,0,0
tdegueul,xtext-composition,0,0
danieldietrich,xtext-javatools,0,0
akademia,ontouml-xtext,0,1
efuentesp,codebuilder-xtext,0,0
zrrk,xtext-utils,0,0
juli1,xtext-debug,0,0
nbhusare,Xtext-sandbox,0,0
jachinte,xtext-grammars,0,1
susieagerholm,XTEXT_EXAMPLE,0,0
itemis,monaco-xtext,0,0
xiaoyvr,xtext-demo,0,0
hmc-cs111-fall2015,picobot-XText,0,0
yanntm,Xtext-Light,0,0
quendimax,libXtextcursorchanger,0,0
Ikraminfo,GrammaireXtext,0,0
nickeeyyoo,xtext_project,0,1
marinamygithub,xtext_project,0,0
lukashaertel,xtext-xgen,1,1
fmca,xtext-typesystem,0,0
almazhou,xtext-demo,0,0
Huluvu424242,xtext.example,0,0
kiddochan,xtext-typesystem,0,0
mmalohlava,ppXtext,0,1
ponta027,xtext_practice,0,0
bhdrkn,Xtext-Examples,0,1
fatalerrortan,Xtext-examples,0,1
gcr-nist,runtime-Xtext,0,0
fBrx,language-xtext,0,0
ilya-klyuchnikov,sll-xtext,0,0
vonbolt,Xtext_test,0,1
rytina,xtext-typesystem,0,0
philiber92,xtext-utils,0,0
thomasfischl,xtext-workshop,1,0
jbadeau,ng-xtext,0,0
OliverScherf,MGPL-Xtext,0,0
szarnyasg,gradle-xtext,0,0
malbac,Xtend_Xtext,0,0
gitpan,Convert-XText,0,0
rmemory,xtext_eclipse,0,0
lukashaertel,xtext-technocat,0,0
lukashaertel,xtext-xtestgen,0,0
zhangyuanqiao,selenium-xtext,0,0
cooked,modelica-xtext,0,0
pablitar,firewall-xtext,0,0
hamza-abed,JSEditorXtext,0,0
Virtlink,paplj-xtext,0,1
kwanggy,xtext-sublime,0,0
thicket-lang,thicket-xtext,0,0
agentlab,xtext-web,0,0
test-editor,xtext-dropwizard,0,1
kecskesk,xtext-menetrend,0,0
ftrifin,xtext-utils,0,0
scottopell,xtext_utils,0,0
lukashaertel,xtext-fsml,0,0
sahrmann,xtext-json,0,1
Modaptix,xtext-utils,0,0
itemis,xtext-issues,1,0
holzem,xtext-lexertrace,0,0
victorlacorte,Tcc,0,0
limelanguage,lime-xtext,0,0
edgarmueller,xtext-recordmapper,0,1
santoshdeshpande,wwf-xtext,0,1
MatzeGIT,XText-maven,0,0
tkurita,XText.scptd,0,1
t-buss,mgpl_xtext,0,1
dvdkruk,xtext-workshop,0,0
npalix,org.xtext.example.mde,0,0
logicfish,XActiv,0,0
kittaakos,webcalc,1,1
evandor,skysail-prototypr-dsl,0,0
iensen,certware-l-editor,0,1
vladimirkozhaev,casualintellect_new_wizard,0,0
TinyScream,org.xtext.amodel,0,0
M2TIIL2016-2017,SiteWeb_XText,0,0
schakko,hackcamp-xtext-automotivebus,0,0
sfinnie,xtext.scoping.adventures,0,0
jpaw,bonaparte-apidsl,0,0
rainerschuster,yacc-ide,0,0
schakko,xtext-bug-436688,1,0
dhuebner,xtext-builddsl-tycho,0,0
matejsp,lwc13-xtext,0,0
ftrifin,xtext-utils.uml,0,0
mbarbero,xtext-forms-integration,1,0
FForw4rd,xtext-restriction-framework,0,0
zrrk,xtext-utils.devenv,0,0
ftrifin,xtext-utils.xtend,0,0
svenefftinge,xtext-jaxcon-example,1,0
LorenzoBettini,xtext-demo-laquila,1,0
jakecobb,xtext-iris-datalog,0,0
Huluvu424242,rezept-dsl.xtext,1,0
philiber92,xtext-utils.unittesting,0,0
philiber92,xtext-utils.distribution,0,0
phaldan,htwg-cform-xtext,0,1
itemis,xtext-example-conplan,0,0
LorenzoBettini,Xtext-Buckminster-Example,1,0
LorenzoBettini,xtextcon-typesystem-example,0,0
dhuebner,org.xtext.example.tycho,0,1
agentlab,eclipse-orbit_xtext-web,0,1
Tutti91,xtext_language_bla,0,0
LeonoraG,xtext-req-editor,0,0
xarvey,atom-xtext-autocomplete,0,0
franzbecker,xtext-formatter-problem,0,0
ftrifin,xtext-utils.distribution,0,0
Fritzi,XText_TeSSLa,0,0
madasar,booster2-xtext,0,0
TypeFox,xtext-splitted-repo,0,0
zrrk,xtext-utils.uml,0,0
zrrk,xtext-utils.xtend,0,0
ftrifin,xtext-forms-integration,0,0
JanKoehnlein,fxdiagram-xtext-examples,0,0
ubx,openair,0,1
rju,xtext-typing-example,0,1
philiber92,xtext-utils.xtend,0,0
Advanced-Model-Engineering-SS16,xtext-ocl-extensions,0,0
zrrk,xtext-utils.distribution,0,0
Johanvdberg,mcrl2.xtext,0,0
kryptonite22,rsbac.xtext.dsl,0,0
tkleszczynski,jug-zgora-xtext,1,0
philiber92,xtext-utils.devenv,0,0
jeffmaury,devoxx2012-xtext,0,1
YonedaMasashi,xText_Practice,0,0
jackqq,xTextEdit,0,0
ftrifin,xtext-utils.unittesting,0,0
lgcardeas,xtext-forms-integration,0,0
vrichard12,xtext-forms-integration,0,0
itemis,xtext-monaco-example,0,0
pabu90,xtext-ci-test,0,0
EricssonPlant,plantuml-xtext-light,1,0
zrrk,xtext-utils.unittesting,0,0
LorenzoBettini,xtext-index-experiments,0,0
ftrifin,xtext-utils.devenv,0,0
inteldict,xtext-gradle-demo,0,0
cdietrich,xtext-multi-dsl,0,1
hachreak,dmss.pouex.xtext,0,0
lunifera,lunifera-xtext-runtimebuilder,1,0
sikessle,xtext-forms-integration,0,0
priya0311,xtext-forms-integration,1,0
philiber92,xtext-utils.uml,0,0
talalong,dbFactoryXtext,0,0
stackoverflowmailer,lwc13-xtext,0,0
willy2706,if4150-xtext,0,0
wwu-pi,acse-xtext-validation,0,0
ProgrammableDrones,xTextLanguage,1,1
stefano-bragaglia,Kinect-ECE-XText,0,0
wwu-pi,acse-xtext-gui,0,0
peterssas,xtext-gradle-problem,0,0
zhoumin03,xtext-forms-integration,0,0
gcubar,CodeXcessXtext,0,1
cdietrich,xtext-ecore-xcore,1,0
ayoubziat,xtext_DSL_example,0,0
xiaoyvr,xtext-demo-oxygen,0,0
test-editor,deprecated-xtext-index-backend,0,0
kuniss,Aqua,0,1
npalix,org.eclipse.xtext.example.fowlerdsl,0,0
dslmeinte,xtext-workshop-code1,0,0
chauhansaurabhb,Eclipse-Xtext-Mydsl-Plugin,0,0
oyse,jetson,0,1
zwgirl,summer,0,0
rymarenkosuccess,Coffeescript-Eclipse,0,0
felipedf,compiler,0,0
logicfish,XPlane,0,0
LorenzoBettini,Xtext-Xtend-Buckminster-Example,0,1
vorburger,eclipse-typescript-xtext-repository,0,0
pankeshpatel,EclipsePluginForXtext,0,0
Hellmy,plantuml-eclipse-xtext_update,0,0
xpomul,xtext-multi-edit-example,0,1
tmtron,xtext.eclipse.15minExtended,0,0
deb-sandeep,com.sandy.xtext.jovenotes.ui,0,0
ftrifin,xtext-utils.xtend1,0,0
szarnekow,xtext-arithmetics-web-example,0,1
wwu-pi,acse-xtext-knuth-binaries,0,0
jwachter,xtext-serializer-issue-example,0,1
DemidovAlexander,Xtext_MiniJava_IDE,0,1
camilagarcia113,xtext-dsl-obj3,0,0
cdietrich,gradle-xtext-xtend-problem,0,1
uqbar-paco,firewall-dsls-externos-xtext,0,0
svenefftinge,Xtext-LWC-contribution--Instances-,1,1
rainerschuster,eclipse-webidl,0,1
willy2706,if4150-xtext-html,0,0
phaldan,htwg-cform-xtext-demo,0,1
hypery2k,Xtext-GrammarMixin-Example,0,1
philiber92,xtext-utils.subproject-template,0,0
zrrk,xtext-utils.subproject-template,0,0
thowin,ituXtextLandinConfigurator,0,0
philiber92,xtext-utils.xtend1,0,0
claudenirmf,old-tests-on-xtext,0,0
zouhairireda,xtext-ocl-xtend-poc,0,0
franzbecker,xtext-serializer-parallel-problem,0,0
lunifera,lunifera-xtext-runtimebuilder-example,1,0
ftrifin,xtext-utils.subproject-template,0,0
fluxtah,xtext-android-gradle-example,0,1
hypery2k,Xtext-Maven-BuildExample,1,0
kittaakos,xtext-eclipse-gh-238,0,0
MatzeGIT,XText-Maven-CleanStart,0,0
Rodolfocostapr,org.xtext.example.pascalito,0,0
deb-sandeep,JoveNotesProcessor,1,1
zrrk,xtext-utils.xtend1,0,0
tanthingdeveloper3unshine,AutoCompleteXTextView,0,0
loradd,uml-xtext-grammar-generator,0,0
RobertWalter83,DialogScriptDSL,1,3
vicegd,org.xtext.dsl.restaurante,0,1
paulluap,xtext-extras-issue216,1,0
dhakehurst,net.akehurst.example.xtext.vertx,0,0
alvilgau,de.htwg.xtext.setGame,0,0
nittka,Xarchive,0,0
rdurelli,com.br.refactoring.xtext.dsl,0,0
tmtron,xtext.15minTutorial.project,0,0
agentlab,eclipse-orbit_xtext-web-dsls,0,0
threadedblue,org.eclipse.xtext.example.domainmodel,0,0
cdietrich,xtext-existing-metamodel-gradle-example,0,0
wrungel,tycho.xtext.mwe2.test,0,0
Scholvac,EclipseTaskJuggler,0,0
ftmdida,xtext_code_gen_version_2,0,0
alexwatts,xtext-j2ee-dsl,0,1
cdietrich,xtext-gradle-plugin-issue-60,0,0
thowin,ituXtextLandin2Configurator,0,0
jkouwer,basicfamily,0,0
goldschmiede,2011-02-18_xtext_apache_wicket,0,0
nileshrege,El,0,0
deparlak,de.htwg.mdsd.xtext.portals,1,0
shashwatanand,org.shashwat.xtext.smallJava,0,0
mmalohlava,gpp-for-xtext-master-thesis,0,0
dexz92,Integrating-Xtext-and-JavaRAG,0,0
Rodolfocostapr,org.xtext.example.pascalitoOld,0,0
KasperGam,IGESImport,0,0
fuinorg,xsample,1,0
florianpirchner,beantypes,0,0
cdietrich,xtext-gradle-plugin-issue-61,0,0
rdurelli,com.br.refactoring.xtext.dsl.ui,0,0
threadedblue,org.eclipse.xtext.example.domainmodel.tests,0,0
rdurelli,com.br.refactoring.xtext.dsl.tests,0,0
shashwatanand,org.shashwat.xtext.smallJava.ui,0,0
tmtron,xtext.eclipse.15minExtended.project,0,0
chqu1012,MetroUiDescriper,3,1
rainerschuster,sygus-ide,0,0
jacruzca,xtext-multilanguage-multiple-target-impl-reuse,0,0
qscdfg,mybash,0,1
eirikg,XbaseSiriusIntegration,0,0
nohum,android-code-generation,0,2
gvd,zest-sm,0,1
uqbar-paco,declaratividad-orm-java,0,0
shashwatanand,org.shashwat.xtext.smallJava.tests,0,0
dhakehurst,net.akehurst.example.xtext.vertx.lsp,0,0
vztpv,ClauTextWithEclipse,0,1
goldschmiede,2011-04-29_xtext_service_repository,0,0
markusvoelter,DSLEngBook-Xtext-P3Demo,1,1
ESIR2Compilation,PrettyPrinter,0,0
bmael,MVCLang,0,0
zhou-jg,tefler,0,0
bogdanvuk,xvhdl,0,0
marcotinacci,XTuring,0,0
threadedblue,org.eclipse.xtext.example.domainmodel.ui,0,0
joergreichert,OperationsResearch,0,1
tommyettinger,julepp,0,0
masters-info-nantes,SmokingText,0,0
daniel-laszlo,temalabor,0,1
Communote,communote-restws,0,0
vorburger,FormGeneratorPOC,0,2
nittka,pocesl,0,0
logicfish,POMText,0,0
cdietrich,https---github.com-meysholdt-xtext_stateful_lexer,0,0
bogdanvuk,xrst,0,0
meysholdt,performance_probes,0,1
agentlab,PowerLoomDSL,0,1
rainerschuster,jdl-ide,0,0
JoostvanPinxten,SDF3-editor,0,0
ceefour,emf-sandbox,0,1
Mehdi23,FlexoModelingLanguage,0,0
atanaka,experimental-rmodp-dsl,0,1
leolimasa,reqlang,0,1
smba,model-based-times,0,0
DavidFosterLuhmann,high-dim,0,0
test-editor,deprecated-test-editor-index-backend,0,0
sidz8690,EasyUnit,0,1
lsotnk,lsotnk.xbase.launching,0,0
Tim-S,ReqLNG,0,0
helunwencser,PAOC,0,0
nakul02,sysml.dml,1,0
rainerschuster,tlsf-ide,0,0
rainerschuster,asdl-ide,1,1
N0P0x90,EclipseExamples,0,0
martinmuellenberg,cityplanning,0,1
newdigate,soa-dsl-scaffolding,0,1
evansnicholas,yaxpath,0,0
nittka,ASP,0,0
josros,boby,0,1
danhaywood,kemble,0,0
schakko,bsc-thesis-documentation,1,0
szarnekow,mongoBeans,0,1
timeraider4u,external_jar_download,0,0
Buggaboo,xplatform,0,0
jonathankoehn,entitygenerator,0,0
marcusphi,polopoly-dsl,0,1
alexisfacques,dsl-feature-modelling,0,0
sbrocard,statemachine-generator,0,0
JPL-IMCE,gov.nasa.jpl.imce.oml.core,0,1
PuneetPatwari,system-map-maker,0,0
atanaka,DomainmodelWithCrossReference,0,1
cedricvidal,protobuf4e,0,1
rowlo,testdsl,1,0
joergreichert,Cool,0,1
WesleyMarques,CompiladorJava,0,0
tommyettinger,kobold,0,0
stolorz,RankPL-EclipsePlugin,0,0
UnibgInfo3A,ebnfworkbench,0,1
sergiowebo,RaspduinoDSL,0,0
Remypoc,CmooSimpleJ,0,0
majordomo,majordomo,0,1
ryanignatius,CheckerDSL,0,1
raynair,webml,0,1
arbennett,ParserGeneratorExample,0,0
OElabed,Model-Driven-Engineering--Eclipse-RCP-plugin--Software-product-line,1,0
renaudhelias,MameVHDL,0,0
cwiscount,mydsl-emf-gen,0,0
rmuecke,clinicaltrialcreator,0,1
mythicfreak,aomxsgrammar,1,0
diverse-project,melange-studio,0,2
marcotinacci,Event-Oriented-Language,0,1
ksza,Bicycle-Shop,0,0
marcotinacci,SwarmRobotics,0,0
Padmar1995,gh,1,0
