owner,repo,repo_first_commit,repo_last_commit,xtext_first_commit,xtext_last_commit,repo_commit_duration,xtext_commit_duration,proportion
waynepiekarski,XTextureExtractor,0,0,0,0,0,0,0
TypeFox,theia-xtext-sprotty-example,12/12/2018 14:34,4/7/2020 15:57,12/12/2018 14:34,12/12/2018 14:34,482,0,0
altran-mde,xtext-sirius-integration,8/14/2017 12:01,7/19/2022 15:46,8/15/2017 14:11,10/28/2019 16:15,1800,804,44.67
graph-quilt,graphql-xtext,11/25/2019 18:33,6/15/2023 21:50,11/25/2019 18:33,3/6/2023 11:04,1298,1197,92.22
TypeFox,vscode-xtext-sprotty-example,10/7/2020 17:23,1/12/2021 15:29,10/30/2020 13:50,10/30/2020 13:50,96,0,0
eclipse,xtext-website,0,0,0,0,0,0,0
intuit,common-xtext-expression-language,4/1/2021 10:00,4/4/2022 10:01,4/1/2021 10:00,5/19/2021 18:16,368,48,13.04
PacktPublishing,Implementing-Domain-Specific-Languages-with-Xtext-and-Xtend,5/10/2019 14:34,1/30/2023 15:17,5/14/2019 15:16,5/14/2019 15:16,1361,0,0
resloved,xtext,0,0,0,0,0,0,0
lurenzhangdeshuai,EmojiText-XText,0,0,0,0,0,0,0
kuniss,xtext-ide-extensions,2/23/2019 16:41,10/20/2020 0:07,5/5/2019 0:47,5/11/2019 23:49,604,6,0.99
graph-quilt,xtext-service-dsl,11/16/2021 20:15,9/8/2022 10:33,11/16/2021 20:15,11/16/2021 20:15,296,0,0
btc-ag,service-idl,3/29/2018 11:56,6/26/2019 13:43,4/3/2018 15:27,8/9/2018 10:52,454,127,27.97
eventB-Soton,XUML_B,1/10/2019 11:52,11/10/2020 9:03,7/28/2020 14:29,11/6/2020 14:35,669,101,15.1
Minres,CoreDSL,9/23/2020 12:33,2/4/2024 16:46,9/23/2020 12:33,11/25/2023 21:07,1229,1158,94.22
TypeFox,xtext2langium,0,0,0,0,0,0,0
v-bashev,post_core,7/7/2021 18:05,11/20/2022 0:38,7/7/2021 22:03,11/19/2022 19:43,500,499,99.8
NielsLiisberg,RPG-lexer,12/3/2019 10:36,12/3/2019 11:49,12/3/2019 10:55,12/3/2019 11:30,0,0,0
OpenSextant,XText,0,0,0,0,0,0,0
laubfall,jugh-xtext-arkanoid,3/21/2018 14:23,10/31/2018 12:30,3/21/2018 14:23,3/27/2018 17:11,223,6,2.69
khabdrick,LambdaXtextract,0,0,0,0,0,0,0
bsati,mgpl-xtext,2/1/2021 18:45,2/7/2021 23:24,2/1/2021 18:45,2/7/2021 17:27,6,5,83.33
UnBCIC-TP2,Oberon-XText,4/22/2021 10:06,5/18/2021 14:37,5/4/2021 11:20,5/4/2021 11:20,26,0,0
TopXDevTeam,TopXTextUI,0,0,0,0,0,0,0
ngreve,xtext_web,0,0,0,0,0,0,0
nmaoez,composer-language-server,8/8/2019 11:06,2/15/2022 6:08,8/9/2019 13:59,8/19/2019 15:20,921,10,1.09
FAMILIAR-project,xtext-dsl-compiler-example,11/3/2020 15:53,11/3/2020 15:53,11/3/2020 15:53,11/3/2020 15:53,0,0,0
eventB-Soton,XTheory,5/26/2018 8:15,7/17/2018 18:02,5/28/2018 1:16,7/17/2018 15:14,52,50,96.15
program-in-chinese,xtext_tutorial_15_min_zh,1/19/2018 14:08,1/21/2018 16:24,1/19/2018 14:08,1/21/2018 0:54,2,1,50
code-kontor,openCypher-Xtext,10/4/2016 16:44,4/27/2021 22:47,1/10/2019 21:53,2/6/2021 11:12,1666,757,45.44
eclipse,epsilon,9/11/2008 10:23,3/5/2024 9:57,7/25/2019 20:46,2/27/2021 10:37,5653,582,10.3
UnBCIC-TP2,Oberon-IDE,5/19/2021 15:20,5/20/2021 10:32,5/19/2021 15:20,5/19/2021 15:20,0,0,0
idiomaticsoft,xtext-tips,3/17/2022 15:57,5/16/2022 15:55,3/17/2022 15:57,5/16/2022 15:55,59,59,100
atb,pt.isep.dsl.puml,12/19/2019 21:19,5/11/2020 8:26,12/19/2019 21:19,12/19/2019 21:27,143,0,0
Webastronaut,mgpl,2/5/2019 10:25,2/7/2019 15:35,2/7/2019 15:35,2/7/2019 15:35,2,0,0
PAMunb,MetaCrySL,7/5/2020 12:20,4/9/2021 20:49,7/5/2020 12:20,11/30/2020 18:09,278,148,53.24
raghvendra-v,tosca-yaml-lsp,6/3/2019 11:31,5/12/2023 17:00,6/3/2019 11:31,7/21/2019 12:03,1439,48,3.34
zxhr,gradle-xtext-generator,6/1/2020 20:58,11/16/2020 19:26,6/2/2020 20:53,6/25/2020 21:50,167,23,13.77
tmtron,ex.xtext.lsp,1/19/2018 13:57,1/20/2018 15:04,1/19/2018 13:57,1/19/2018 14:09,1,0,0
echebbi,standalone-xtext-example,2/6/2018 23:45,2/12/2018 13:46,2/12/2018 12:54,2/12/2018 12:54,5,0,0
darvasd,xtext-docs-gen,3/31/2018 14:13,1/23/2019 17:14,5/1/2018 18:21,5/1/2018 18:21,298,0,0
jcabot,WordPress-Plugin-DSL,2/11/2019 6:32,7/1/2019 7:11,2/13/2019 7:26,7/1/2019 7:11,139,137,98.56
JensBAndersen,PolicyLanguage,4/11/2019 15:30,4/24/2019 9:19,4/11/2019 15:30,4/24/2019 9:19,12,12,100
Zannith,XtextTest,0,0,0,0,0,0,0
AnnaLenaMeiners,XtextExamples,1/2/2021 16:08,1/2/2021 16:09,1/2/2021 16:09,1/2/2021 16:09,0,0,0
Kerolos77,XTextEditor,0,0,0,0,0,0,0
Mabar16,xtextMath,3/22/2020 19:42,3/23/2020 16:32,3/22/2020 19:46,3/22/2020 19:46,0,0,0
holgerschill,xtextCodebuff,0,0,0,0,0,0,0
devzwy,XTextView,0,0,0,0,0,0,0
mraminella,XtextExamples,5/31/2018 14:20,5/31/2018 14:38,5/31/2018 14:24,5/31/2018 14:24,0,0,0
msntts,XtextStudy,4/22/2021 0:08,9/5/2021 14:40,4/22/2021 0:08,9/5/2021 13:44,136,136,100
chiachong,XTextClassification,0,0,0,0,0,0,0
vinisbranco,XtextGerador,0,0,0,0,0,0,0
pakhopav,XtextPlugin,8/11/2021 13:21,8/12/2021 9:03,8/11/2021 15:22,8/11/2021 15:22,0,0,0
IamRaziel,XtextTutorial,5/5/2021 13:22,5/20/2021 12:07,5/5/2021 13:50,5/5/2021 13:50,14,0,0
dstoft,XtextWorkspace,3/10/2021 16:19,3/18/2021 12:47,3/10/2021 16:19,3/18/2021 12:47,7,7,100
MisbahAwan,XtextCollaborativeEnvironment,12/28/2023 21:21,12/29/2023 0:46,12/29/2023 0:05,12/29/2023 0:05,0,0,0
pakhopav,XtextLanguage,0,0,0,0,0,0,0
fonuhuolian,XTextView,0,0,0,0,0,0,0
RomainLefeuvre,xtextHW,11/24/2021 17:23,11/24/2021 17:23,11/24/2021 17:23,11/24/2021 17:23,0,0,0
BestCoderXQX,XTextFlagDemo,0,0,0,0,0,0,0
vinisbranco,XtextTrabalho2,9/4/2018 22:26,9/4/2018 22:30,9/4/2018 22:30,9/4/2018 22:30,0,0,0
loicperreal,Xtext,0,0,0,0,0,0,0
goflyboy,xtextsample,0,0,0,0,0,0,0
SharkJ,XtextInheritanceTest,12/19/2018 13:16,12/19/2018 14:08,12/19/2018 13:16,12/19/2018 13:16,0,0,0
hewenyuAndroid,XTextView-Android,0,0,0,0,0,0,0
OLibutzki,XtextExtras446,6/17/2019 7:42,6/17/2019 7:42,6/17/2019 7:42,6/17/2019 7:42,0,0,0
vinisbranco,XtextJavaScript,0,0,0,0,0,0,0
AndreasGroentved,XtextDSL2018,4/22/2018 18:14,5/15/2018 18:19,4/22/2018 18:14,5/15/2018 14:02,23,22,95.65
robertchristen,XTextCategorizer.Demo,0,0,0,0,0,0,0
alvarofpp,tutorial-xtext,11/6/2021 12:10,11/6/2021 16:24,11/6/2021 12:16,11/6/2021 16:22,0,0,0
pakhopav,XtextLanguageGradle,8/27/2019 18:49,10/14/2021 13:24,8/27/2019 19:05,8/10/2021 13:43,778,713,91.65
pakhopav,xtext,8/2/2019 17:45,8/8/2019 16:44,8/2/2019 19:46,8/8/2019 15:50,5,5,100
adamhorvath88,Xtext,2/13/2021 23:47,2/14/2021 12:49,2/14/2021 0:02,2/14/2021 12:49,0,0,0
0xMYsteRy,Xtext,4/20/2022 14:52,4/27/2022 11:03,4/20/2022 16:31,4/26/2022 15:13,6,5,83.33
taylorlohan,XtextHealth2.0,0,0,0,0,0,0,0
Caroline66666,xtext,0,0,0,0,0,0,0
xuxiaowen87,XText,0,0,0,0,0,0,0
MisbahAwan,xtext,12/1/2021 1:24,12/7/2021 22:29,12/1/2021 1:39,12/7/2021 22:29,6,6,100
ichxorya,failed-xtext2vscode-example,11/22/2022 15:52,11/26/2022 8:48,11/22/2022 17:05,11/22/2022 17:05,3,0,0
hwong23,dsl.evtool,6/10/2021 12:32,8/15/2022 22:19,7/26/2021 22:40,8/26/2021 7:33,431,30,6.96
RobMoloney,xtext,10/20/2021 17:53,3/18/2022 15:25,10/21/2021 15:01,10/25/2021 15:18,148,4,2.7
l1ppe,xtext,7/2/2019 9:37,7/2/2019 9:37,7/2/2019 9:37,7/2/2019 9:37,0,0,0
madhouni,wps-ecore-ocl-xtext,0,0,0,0,0,0,0
MISO4202,uniandes.mdd.xtext2xmi,0,0,0,0,0,0,0
tchebs,xtext,10/4/2018 16:39,10/4/2018 17:07,10/4/2018 16:44,10/4/2018 16:44,0,0,0
mlopez8621,xtext,9/17/2019 21:41,9/18/2019 21:37,9/17/2019 21:41,9/18/2019 21:37,0,0,0
magick93,xtext,2/13/2019 12:57,2/15/2019 14:48,2/13/2019 12:57,2/13/2019 12:57,2,0,0
ShivaniBali,Theia-Xtext-Yangster-Project-,5/8/2017 10:12,3/13/2018 10:46,12/4/2017 13:40,12/4/2017 13:40,309,0,0
ehah,XtendExample,0,0,0,0,0,0,0
MISO4202,co.edu.uniandes.gramaticajmeter,3/29/2019 18:25,3/29/2019 18:25,3/29/2019 18:25,3/29/2019 18:25,0,0,0
vks2106,prenum,0,0,0,0,0,0,0
drkstr101,hello-xtext,5/30/2020 14:34,6/8/2020 19:08,6/6/2020 16:43,6/8/2020 18:28,9,2,22.22
arthurmosley,Essex-Test,0,0,0,0,0,0,0
eclipse,xtext-website-publish,0,0,0,0,0,0,0
jflopezfernandez,xtextutils,0,0,0,0,0,0,0
AlanQuadros,xtextlpmangan,3/20/2018 22:15,3/22/2018 21:32,3/22/2018 18:45,3/22/2018 21:32,1,0,0
jonaslagoni,JSON-Schema-to-internal-DSL,4/2/2020 10:57,4/24/2020 22:37,4/2/2020 11:08,4/21/2020 13:36,22,19,86.36
OezzyB,e-portfolio-Xtext,5/19/2018 19:29,5/28/2018 19:20,5/22/2018 19:16,5/28/2018 19:15,8,5,62.5
fedorov-vk,apds_dsl,4/15/2023 22:45,12/8/2023 16:36,4/15/2023 23:26,12/8/2023 16:32,236,236,100
zinon,xtextminer,0,0,0,0,0,0,0
mustafa231,xtexteditor,0,0,0,0,0,0,0
MOSafely,xtextrepo,0,0,0,0,0,0,0
bproenca,mpti-dsl,11/14/2021 14:10,11/25/2021 10:46,11/14/2021 14:10,11/23/2021 17:24,10,9,90
LorenzoBettini,xtext-domain-model-guice-5,5/20/2021 18:23,5/24/2021 8:35,5/20/2021 18:23,5/20/2021 18:23,3,0,0
BlackBeltTechnology,karaf-features-eclipse-xtext,0,0,0,0,0,0,0
vashchenkov,xtext-samle,10/17/2018 18:40,10/17/2018 18:40,10/17/2018 18:40,10/17/2018 18:40,0,0,0
germono,FormXtext,6/2/2020 11:05,6/2/2020 14:25,6/2/2020 11:05,6/2/2020 11:05,0,0,0
Quingo,compiler_xtext,8/19/2020 21:09,2/14/2023 9:58,8/19/2020 21:09,6/7/2021 13:01,908,291,32.05
ShrawanBK,xtext_salestransaction,2/6/2022 23:34,2/6/2022 23:34,2/6/2022 23:34,2/6/2022 23:34,0,0,0
tshoang,XMarking,5/28/2018 22:13,6/10/2018 20:17,6/2/2018 12:45,6/10/2018 20:17,12,8,66.67
szschaler,henshin_xtext_adapter,0,0,0,0,0,0,0
hakimuga,BIP-language,3/25/2021 11:39,2/3/2023 10:31,3/25/2021 12:58,3/25/2021 12:58,679,0,0
adautofbn,pascal-xtext,10/18/2018 8:41,11/2/2018 12:17,10/18/2018 9:13,11/2/2018 12:17,15,15,100
efuentesp,Xtext-UCS,5/29/2018 14:37,6/1/2018 18:05,5/29/2018 14:37,5/31/2018 18:51,3,2,66.67
preesm,ripacola-xtext,4/29/2019 14:59,4/29/2019 17:10,4/29/2019 14:59,4/29/2019 17:10,0,0,0
wibeck,testXtext,5/27/2019 19:06,5/27/2019 19:06,5/27/2019 19:06,5/27/2019 19:06,0,0,0
msun68,xtext-examples,1/22/2020 3:43,1/23/2020 12:03,1/22/2020 3:43,1/22/2020 3:43,1,0,0
xTexturedxx,xTexturedxx,0,0,0,0,0,0,0
HexXText,HexXText,0,0,0,0,0,0,0
Gricel-lee,Xtext-Maven,8/15/2023 18:41,8/22/2023 16:02,8/15/2023 18:43,8/15/2023 18:43,6,0,0
kolchanov,org.xtext.example.mydsl.parent,2/19/2020 13:20,2/20/2020 15:43,2/19/2020 13:20,2/20/2020 15:43,1,1,100
kecksk0enig,vuc-xtext,1/16/2018 9:25,1/29/2018 22:35,1/16/2018 9:25,1/26/2018 18:13,13,10,76.92
EvdokimovMaks,xtext-expressions,12/11/2019 18:48,12/12/2019 19:03,12/11/2019 18:48,12/11/2019 18:48,1,0,0
Sorokatov,xtext-demo,0,0,0,0,0,0,0
uppaal-emf,uppaal-xtext,12/4/2022 14:43,4/3/2023 0:24,12/4/2022 18:07,3/24/2023 15:13,119,109,91.6
matheuslenke,Xtext-UML,9/20/2021 21:04,10/8/2021 21:47,9/20/2021 21:04,10/8/2021 21:47,18,18,100
r4mtor,xtext-talks,6/23/2017 10:39,5/29/2018 21:38,5/8/2018 23:06,5/29/2018 21:35,340,20,5.88
nbhusare,xtext-playground,9/2/2020 15:23,9/2/2020 17:47,9/2/2020 17:47,9/2/2020 17:47,0,0,0
kokostino,xtext_kokomodel,8/29/2021 16:41,9/4/2021 21:10,8/29/2021 16:41,9/4/2021 21:07,6,6,100
GiordanoT,ocl-xtext,11/30/2022 15:12,11/30/2022 15:12,11/30/2022 15:12,11/30/2022 15:12,0,0,0
dr-jam,ABL-XText,11/11/2022 17:03,12/21/2022 14:55,11/17/2022 15:52,12/21/2022 14:55,39,33,84.62
lahirugayanga,xtext-projection,12/28/2018 10:24,12/28/2018 10:24,12/28/2018 10:24,12/28/2018 10:24,0,0,0
daniel614,xtext-webapp,6/17/2018 14:35,7/7/2018 13:11,6/17/2018 14:35,7/7/2018 13:11,19,19,100
Spiderixius,DSLIndividualXtext,5/18/2018 9:04,5/28/2018 14:41,5/18/2018 9:06,5/28/2018 12:50,10,10,100
mdsd-team-1,photos-xtext,6/18/2019 18:21,6/25/2019 12:41,6/24/2019 10:06,6/25/2019 10:11,6,1,16.67
efuentesp,xtext-cobol,12/4/2020 15:12,1/12/2021 12:03,12/4/2020 15:12,1/12/2021 12:03,38,38,100
torosky,Libreria-Xtext,0,0,0,0,0,0,0
MaxiEckert,Xtext-example,5/27/2018 12:32,5/27/2018 12:32,5/27/2018 12:32,5/27/2018 12:32,0,0,0
as500,xtext-rpgle,0,0,0,0,0,0,0
JavierOramas,AudiXText,0,0,0,0,0,0,0
xtext,xtext-monorepo,5/9/2008 15:57,3/25/2023 17:44,6/14/2016 8:30,10/10/2022 15:44,5433,2309,42.5
vjordan,Xtext_browser,3/20/2019 22:14,3/20/2019 22:14,3/20/2019 22:14,3/20/2019 22:14,0,0,0
Yop-La,xtext_project,3/3/2019 16:39,3/20/2019 22:56,3/3/2019 16:39,3/18/2019 10:38,17,14,82.35
JesterOrNot,Gitpod-XText,5/18/2020 12:24,5/19/2020 1:30,5/18/2020 23:07,5/18/2020 23:07,0,0,0
eclipse,xtext-archive,0,0,0,0,0,0,0
Lethalaric,xtext-learning,8/2/2023 0:19,8/2/2023 1:58,8/2/2023 1:58,8/2/2023 1:58,0,0,0
DSIE2,tr.xtext,6/25/2018 14:44,6/27/2018 18:43,6/25/2018 14:44,6/25/2018 14:44,2,0,0
ShivaniBali,Theia-Xtext,3/13/2018 19:28,3/13/2018 19:28,3/13/2018 19:28,3/13/2018 19:28,0,0,0
kthoms,xtext-webinar,0,0,0,0,0,0,0
christopherosthues,mgpl-xtext,6/5/2018 10:29,7/24/2018 17:39,6/5/2018 10:30,6/5/2018 12:35,49,0,0
zhanglin2018,learnXtext,6/11/2019 14:18,6/18/2019 13:48,6/11/2019 17:46,6/18/2019 13:48,6,6,100
seebgar,Xtext-Projects,2/27/2020 9:16,2/27/2020 9:16,2/27/2020 9:16,2/27/2020 9:16,0,0,0
Vallenstein,xtext_web,10/9/2020 11:07,10/31/2020 15:33,10/9/2020 11:15,10/31/2020 15:33,22,22,100
AbQadirr,dialogXtextflow,0,0,0,0,0,0,0
blue995,xtext-orm,6/20/2018 19:29,6/23/2018 14:40,6/20/2018 19:29,6/23/2018 14:11,2,2,100
arockiaraj1994,xtext-mvn,9/5/2019 10:33,9/5/2019 10:33,9/5/2019 10:33,9/5/2019 10:33,0,0,0
moein9,passXtext,0,0,0,0,0,0,0
saivarunr,xtext-editor,0,0,0,0,0,0,0
JesterOrNot,xtext-cli,0,0,0,0,0,0,0
Somiacao,xtext-web,12/29/2019 18:20,1/3/2020 15:44,1/3/2020 15:44,1/3/2020 15:44,4,0,0
katmatt,graphql-xtext,11/2/2020 12:56,11/4/2020 18:43,11/2/2020 12:56,11/4/2020 18:43,2,2,100
LIONant-depot,xtexture_compiler,0,0,0,0,0,0,0
tchebs,xtext-example,0,0,0,0,0,0,0
ballcoach12,xtext_samples,0,0,0,0,0,0,0
AssaX0,MDSE-xtext,6/6/2021 13:52,6/6/2021 14:08,6/6/2021 14:07,6/6/2021 14:07,0,0,0
samples-projects,sample-xtext,2/4/2019 0:24,2/4/2019 0:29,2/4/2019 0:29,2/4/2019 0:29,0,0,0
karthik137,xtext-demo,5/13/2020 17:12,5/13/2020 17:12,5/13/2020 17:12,5/13/2020 17:12,0,0,0
MDE-Course-23-24,SIRIUS-XTEXT,12/13/2023 15:22,12/13/2023 15:22,12/13/2023 15:22,12/13/2023 15:22,0,0,0
softlang,megal-xtext,6/7/2014 9:17,4/18/2018 16:41,10/25/2014 19:25,1/24/2017 10:26,1411,821,58.19
laurocesar,xtext-domainmodel,5/14/2021 16:03,5/14/2021 16:03,5/14/2021 16:03,5/14/2021 16:03,0,0,0
Yahaya12,Xtext-project,0,0,0,0,0,0,0
malhxr,SpeechXtext,0,0,0,0,0,0,0
stanimirovv,xtext-extractor,0,0,0,0,0,0,0
3m3k3,xtext-congen,4/9/2023 23:45,4/9/2023 23:45,4/9/2023 23:45,4/9/2023 23:45,0,0,0
pen-zhang,xtext_elm_editor,0,0,0,0,0,0,0
NSaitoNmiri,toppers_cfg_xtext,5/24/2019 17:35,6/5/2019 18:32,5/26/2019 13:13,6/5/2019 15:45,12,10,83.33
tmtron,ex.xtext.twog,1/27/2018 13:49,2/12/2018 15:20,1/27/2018 14:01,2/11/2018 14:49,16,15,93.75
vinicius0197,metacrysl,5/27/2020 12:07,6/2/2020 9:38,5/27/2020 12:07,6/2/2020 9:38,5,5,100
Dexels,navascript-editor,2/5/2021 11:47,11/12/2022 21:34,2/5/2021 11:48,11/12/2022 21:32,645,645,100
adrianrutle,PCS953-EMF-Exercise,0,0,0,0,0,0,0
ravornyo,xspice,3/13/2022 13:48,3/13/2022 14:49,3/13/2022 13:48,3/13/2022 13:48,0,0,0
yamen-njm,IotXtext,1/9/2019 13:59,1/9/2019 13:59,1/9/2019 13:59,1/9/2019 13:59,0,0,0
kainzpat14,xtext-plsql,2/23/2022 17:14,5/27/2022 17:35,2/23/2022 17:14,5/27/2022 17:35,92,92,100
epsilonlabs,emc-xtext,0,0,0,0,0,0,0
robertovillarejo,kukulkan-grammar,3/2/2018 13:51,7/2/2018 13:07,3/9/2018 11:11,7/2/2018 13:07,121,115,95.04
lvanzeun,ulm-xtext-test,7/24/2018 10:11,8/2/2018 21:45,7/24/2018 10:29,7/27/2018 12:37,9,3,33.33
purerstamp,N7.compilateur,9/7/2018 8:27,3/6/2019 9:37,2/19/2019 9:37,3/6/2019 9:37,180,15,8.33
jaedabee,xtext-gradle-test,0,0,0,0,0,0,0
MassiBelaid,M-langeuse-Xtext,11/29/2020 18:25,11/29/2020 18:34,11/29/2020 18:25,11/29/2020 18:34,0,0,0
qxe35v,xtext_encoding_dsl,3/14/2018 10:30,9/14/2018 18:13,3/14/2018 10:30,5/5/2018 19:52,184,52,28.26
random-eclipse,nix-eclipse-xtext,4/15/2018 19:38,4/29/2018 18:33,4/29/2018 18:33,4/29/2018 18:33,13,0,0
meta-doodle,Xtext_Gradle_Test,2/19/2020 17:02,2/19/2020 17:33,2/19/2020 17:22,2/19/2020 17:33,0,0,0
LiamWalsh98,nusmv-xtext-lsp,8/10/2020 17:05,5/24/2022 11:32,8/10/2020 17:05,8/10/2020 17:05,651,0,0
MaximilianKoestler,vscode-xtext-links,0,0,0,0,0,0,0
AhmedEssam2212,xText-Editor-,0,0,0,0,0,0,0
adrinerDP,DSL-with-Xtext,3/22/2023 16:23,3/22/2023 16:23,3/22/2023 16:23,3/22/2023 16:23,0,0,0
cdietrich,xtext-domainmodel-ls,2/10/2023 19:56,2/10/2023 19:56,2/10/2023 19:56,2/10/2023 19:56,0,0,0
tmtron,ex.xtext.ml,2/26/2018 9:47,2/26/2018 17:55,2/26/2018 10:40,2/26/2018 14:16,0,0,0
andrewsandu,xtext-web-example,7/27/2018 11:20,7/27/2018 11:20,7/27/2018 11:20,7/27/2018 11:20,0,0,0
pngowda,xtext-build-tools,0,0,0,0,0,0,0
SharkJ,xtext-dsl-sample,11/30/2018 15:12,11/30/2018 15:12,11/30/2018 15:12,11/30/2018 15:12,0,0,0
hammedb197,team-hacktive-xtext,0,0,0,0,0,0,0
SimonCockx,xtext-monaco-example,10/31/2022 12:54,11/1/2022 14:20,11/1/2022 13:50,11/1/2022 13:50,1,0,0
mister-walter,xtext-folding-issue,10/23/2023 12:34,10/23/2023 12:34,10/23/2023 12:34,10/23/2023 12:34,0,0,0
alexvolh,xtext-xml-grammar,10/4/2018 23:35,10/4/2018 23:35,10/4/2018 23:35,10/4/2018 23:35,0,0,0
SharkJ,my-theia-xtext,11/21/2018 14:05,12/20/2018 9:49,11/21/2018 14:05,11/21/2018 14:05,28,0,0
urbanoanderson,xtext-gait-model,2/20/2019 11:16,2/20/2019 11:16,2/20/2019 11:16,2/20/2019 11:16,0,0,0
vjordan,Xtext_directory-file,3/20/2019 22:23,3/20/2019 22:23,3/20/2019 22:23,3/20/2019 22:23,0,0,0
JosBouwhuis,xText-DSL,0,0,0,0,0,0,0
CS130-W20,assignment-2-xtext,0,0,0,0,0,0,0
lunifera,xtext-jvmtypeprovider-standalone,0,0,0,0,0,0,0
bobbyfisher1,eclipse-workspace,5/2/2018 14:53,5/4/2018 13:50,5/2/2018 14:53,5/2/2018 14:53,1,0,0
dsl-course,xtext-entities-tutorial,3/9/2020 13:34,3/10/2020 14:17,3/9/2020 13:34,3/9/2020 13:34,1,0,0
Highbrainer,xtext-pde-target,0,0,0,0,0,0,0
mattsse,xtext-fipa-acl,3/5/2018 17:33,7/1/2018 1:12,3/17/2018 12:24,3/17/2018 12:24,117,0,0
XIECHO,qingo_xtext_documentation,0,0,0,0,0,0,0
FariSoftware,xtext-problem-matcher,0,0,0,0,0,0,0
ShrawanBK,xtext.sales.transactions,0,0,0,0,0,0,0
Lzgpom,xtext-gen-extension,6/23/2022 3:38,6/23/2022 3:43,6/23/2022 3:43,6/23/2022 3:43,0,0,0
drkstr101,Domainmodel,4/29/2020 21:09,4/29/2020 21:39,4/29/2020 21:20,4/29/2020 21:20,0,0,0
vinicius0197,expressions-dsl,4/30/2020 8:31,5/7/2020 9:30,4/30/2020 8:31,5/7/2020 9:30,7,7,100
LorenzoBettini,xtext-xdoc-releases,0,0,0,0,0,0,0
KarstenWilken,xTextForum,11/19/2018 17:51,11/20/2018 15:40,11/20/2018 13:08,11/20/2018 13:08,0,0,0
S-wald,xtext-plugin-gradle,11/12/2022 14:13,11/13/2022 14:58,11/12/2022 14:13,11/12/2022 18:53,1,0,0
lahirugayanga,xtext-example-dsl,12/3/2018 8:12,12/3/2018 8:12,12/3/2018 8:12,12/3/2018 8:12,0,0,0
cdietrich,xtext-fragment-experiments,9/29/2021 8:37,9/29/2021 8:37,9/29/2021 8:37,9/29/2021 8:37,0,0,0
cdietrich,xtext_bug_1974,10/5/2021 14:48,10/5/2021 14:48,10/5/2021 14:48,10/5/2021 14:48,0,0,0
bergmanngabor,xtext-railmap-demo,10/25/2018 16:40,10/25/2018 17:10,10/25/2018 17:10,10/25/2018 17:10,0,0,0
mchlrch,xtext-intro-bfh,12/10/2018 9:29,12/10/2018 10:41,12/10/2018 9:29,12/10/2018 9:29,0,0,0
EvdokimovMaks,xtext-example-entities,10/10/2019 19:41,11/8/2019 17:20,10/10/2019 19:41,11/8/2019 13:00,28,28,100
cipek,MyFirstXText,6/13/2019 14:12,7/12/2019 3:07,6/13/2019 14:12,6/15/2019 2:32,28,1,3.57
pngowda,xtext-ci-libs,0,0,0,0,0,0,0
paulvberlin,BaSiriusXtext,2/19/2019 16:24,2/19/2019 16:28,2/19/2019 16:24,2/19/2019 16:24,0,0,0
szarnyasg,sql-pgq-xtext,2/16/2021 22:50,2/27/2021 14:06,2/16/2021 22:50,2/27/2021 14:06,10,10,100
frademacher,xtext-jpms-test,0,0,0,0,0,0,0
xtext,xtext-monorepo-lfs,0,0,0,0,0,0,0
LorenzoBettini,xtext-build-utils,1/27/2020 16:31,12/11/2023 11:23,1/27/2020 16:41,2/3/2020 15:07,1413,6,0.42
cdietrich,xtext-two-dsls,12/29/2023 17:57,12/29/2023 17:57,12/29/2023 17:57,12/29/2023 17:57,0,0,0
balazsgrill,xtext_bug508518,7/24/2018 8:56,7/24/2018 9:10,7/24/2018 9:00,7/24/2018 9:00,0,0,0
Tim-S,xtext-valueconverter-example,8/16/2018 20:13,8/16/2018 20:21,8/16/2018 20:13,8/16/2018 20:13,0,0,0
ayakurtam,xText-Editor,0,0,0,0,0,0,0
HouseBuilder-MDE,HouseBuilder-Xtext,7/15/2021 10:39,7/17/2021 16:21,7/15/2021 10:41,7/17/2021 16:21,2,2,100
xtext,xtext-orbit-replacement,0,0,0,0,0,0,0
fedorov-vk,xtext-xcore-sample,12/11/2023 9:01,12/11/2023 9:29,12/11/2023 9:29,12/11/2023 9:29,0,0,0
gustavotemple,mo631xtext,11/25/2019 23:09,11/27/2019 17:25,11/25/2019 23:25,11/26/2019 0:05,1,0,0
Tim-S,xtext-mapbasedscope-example,7/5/2018 6:52,7/5/2018 6:54,7/5/2018 6:52,7/5/2018 6:52,0,0,0
shakenetwork,xTextHandler,0,0,0,0,0,0,0
GabrielBozza,ProjetoXtextPFC,9/4/2021 21:23,9/12/2021 21:41,9/4/2021 21:23,9/12/2021 21:33,8,8,100
HexXText,HexXTextSMP,0,0,0,0,0,0,0
snarkipus,xtext-dsl-book,7/30/2022 17:46,8/16/2022 21:28,7/30/2022 17:54,7/30/2022 18:45,17,0,0
fedorov-vk,xtextxtend-book-examples,4/24/2023 14:38,12/11/2023 11:37,4/24/2023 14:44,11/23/2023 14:52,230,213,92.61
ArneDeutsch,xtext-gradle-example,8/7/2018 12:20,8/7/2018 13:57,8/7/2018 12:22,8/7/2018 13:56,0,0,0
oliver-reinhard,xtext-ppt-demo,2/16/2019 20:04,5/23/2019 22:39,2/22/2019 1:19,2/22/2019 1:19,96,0,0
tpluscode,xtext-completion-nullpointer,7/19/2019 8:14,7/19/2019 8:24,7/19/2019 8:14,7/19/2019 8:24,0,0,0
idiomaticsoft,sbt-xtext-plugin,0,0,0,0,0,0,0
pen-zhang,online_elm_xtext,1/25/2021 18:47,3/8/2021 8:46,1/25/2021 18:47,3/8/2021 8:44,41,41,100
raglu,ExternalDSL-xtext,4/20/2021 11:43,8/16/2021 20:51,4/20/2021 11:45,8/16/2021 20:51,118,118,100
kulcsii,xtext-railmap-theia,11/27/2019 19:51,1/20/2020 20:54,12/3/2019 20:11,12/3/2019 20:11,54,0,0
NiccoMlt,xtext-showdown-grammar,4/28/2020 22:54,5/8/2020 22:51,4/28/2020 22:54,5/2/2020 18:53,9,3,33.33
NinjaArmy,xtext-language-server,0,0,0,0,0,0,0
jnt0r,xtext-npe-reproducable,6/11/2023 13:54,6/11/2023 14:05,6/11/2023 13:54,6/11/2023 13:54,0,0,0
HermanPeeren,eJSL-ANTLR4,0,0,0,0,0,0,0
cs130-w21,statemachine,2/5/2021 13:54,2/5/2021 14:43,2/5/2021 14:43,2/5/2021 14:43,0,0,0
csbc92,MDSE-assignment3,4/16/2020 16:46,4/28/2020 17:51,4/16/2020 16:47,4/26/2020 21:15,12,10,83.33
ghillairet,org.example.mydsl.parent,10/12/2018 12:34,10/12/2018 12:34,10/12/2018 12:34,10/12/2018 12:34,0,0,0
antoine-morvan,caph-java-parser,4/18/2019 16:25,4/19/2019 17:02,4/18/2019 16:25,4/19/2019 17:02,1,1,100
abatti,XTEXT_FACPL3_PreserveVarious,0,0,0,0,0,0,0
tfLabs,xtext-languageserver-example-duplicator,12/23/2020 13:35,12/23/2020 13:46,12/23/2020 13:44,12/23/2020 13:44,0,0,0
LorenzoBettini,xtext-maven-plugin-example,6/21/2021 11:34,7/7/2022 11:03,6/21/2021 11:34,6/21/2021 13:08,380,0,0
cdietrich,xtext-eclipse-issue-1009,0,0,0,0,0,0,0
patrickneubauer,UoY-MODE-XTEXT,10/8/2018 11:59,10/15/2019 17:04,10/8/2018 15:11,10/8/2018 15:11,372,0,0
cau-se,sprat-ecosystem-dsl-xtext,7/19/2019 8:44,7/19/2019 8:44,7/19/2019 8:44,7/19/2019 8:44,0,0,0
cdietrich,theia-xtext-vscode-example,0,0,0,0,0,0,0
cdietrich,j9-tycho-xtext,1/9/2018 16:20,1/9/2018 17:11,1/9/2018 16:20,1/9/2018 16:20,0,0,0
loradd,xtext-lsp-ecore-support,9/30/2019 9:53,5/17/2022 10:05,9/30/2019 13:53,9/30/2019 13:53,960,0,0
nnn911,LaTeXTextOverlay,0,0,0,0,0,0,0
IbanezGio,VuC,0,0,0,0,0,0,0
Samirez,DSLs,7/10/2023 9:49,11/14/2023 10:07,7/10/2023 9:49,7/10/2023 9:49,127,0,0
ShahimEssaid,com.essaid.model.xtext,0,0,0,0,0,0,0
gon10,EclipseRepoTese,8/15/2018 18:06,9/14/2018 23:28,8/15/2018 18:06,8/15/2018 18:06,30,0,0
max-leuthaeuser,jmhmathexample,10/10/2018 11:47,10/16/2018 10:00,10/10/2018 11:47,10/10/2018 11:47,5,0,0
tshoang,WhitespaceIDE,10/26/2023 19:55,10/26/2023 20:15,10/26/2023 20:15,10/26/2023 20:15,0,0,0
seebgar,MISO4202-proyecto-xtext,4/19/2020 14:37,4/19/2020 15:20,4/19/2020 14:37,4/19/2020 15:20,0,0,0
NiccoMlt,xtext-15-minutes-tutorial,4/21/2020 10:59,4/21/2020 22:46,4/21/2020 10:59,4/21/2020 15:30,0,0,0
SharkJ,theia-xtext-extension-test,11/19/2018 15:18,11/19/2018 15:23,11/19/2018 15:18,11/19/2018 15:18,0,0,0
jku-win-se,JsonBasedXtextGrammar,0,0,0,0,0,0,0
altran-mde,xtext-sirius-integration.io,0,0,0,0,0,0,0
cdietrich,xtext-core-issue-1835,0,0,0,0,0,0,0
Zaki-Fadlan,xtext_getting_started_skilledup,7/19/2023 3:25,7/19/2023 3:49,7/19/2023 3:25,7/19/2023 3:25,0,0,0
raptor494,Xtext-Minecraft-JSON-Languages,4/11/2020 17:06,4/11/2020 17:11,4/11/2020 17:06,4/11/2020 17:06,0,0,0
rudi,xtext-emacs-lsp-demo,5/1/2021 18:57,2/13/2023 11:23,2/12/2023 23:11,2/12/2023 23:11,652,0,0
fedorov-vk,apds_prototype,4/26/2023 22:25,4/27/2023 19:33,4/26/2023 23:17,4/27/2023 14:07,0,0,0
test-editor,test-editor-xtext-gradle,10/4/2018 13:15,8/15/2019 14:31,10/8/2018 13:16,4/17/2019 10:39,315,190,60.32
Ixgauth,perspectiveDSL-Sirus-Xtext,0,0,0,0,0,0,0
keve98,SzakD_xtext_xtend,5/3/2021 22:53,11/3/2021 20:22,5/3/2021 22:53,5/3/2021 22:53,183,0,0
silvergl,xtext-headless-rcp-example,5/6/2022 14:47,5/6/2022 14:56,5/6/2022 14:53,5/6/2022 14:53,0,0,0
reinaqu,bpmnFromXtextDSL,7/16/2022 19:49,8/16/2022 20:08,7/20/2022 18:18,7/20/2022 18:18,31,0,0
xtext,xtext-p2-orbit,0,0,0,0,0,0,0
dsl-course,xtext-tutorial-turku-interim,3/30/2020 12:03,4/1/2020 12:01,3/30/2020 12:03,4/1/2020 12:01,1,1,100
tfLabs,xtext-lsp-validation-anyway,10/20/2020 23:39,10/21/2020 0:56,10/21/2020 0:08,10/21/2020 0:08,0,0,0
BalzGuenat,xtext-bug-minimal-example,3/7/2018 16:09,3/7/2018 16:09,3/7/2018 16:09,3/7/2018 16:09,0,0,0
dmfullstack,org.xtext.example.mydsl,8/30/2017 22:56,8/30/2017 23:05,8/30/2017 22:58,8/30/2017 22:58,0,0,0
SuelanyBrito,JFlex_CUP_XText_SQL,11/18/2020 1:45,11/18/2020 12:02,11/18/2020 11:56,11/18/2020 11:56,0,0,0
cdietrich,xtext-languageserver-example-simple,10/18/2021 17:30,2/27/2024 17:19,10/18/2021 17:30,10/18/2021 17:30,862,0,0
msntts,Xtext-Standalone-fat-jar,1/16/2022 15:52,2/5/2022 23:45,1/16/2022 15:59,1/16/2022 15:59,20,0,0
oldulov,cfeditor,1/25/2018 15:53,1/25/2018 15:56,1/25/2018 15:53,1/25/2018 15:53,0,0,0
LorenzoBettini,xtext-type-errors-examples,5/21/2018 11:30,6/29/2018 15:04,5/21/2018 11:30,6/13/2018 11:44,39,23,58.97
claudenirmf,OntoUML-2.0-Xtext,4/4/2018 15:31,5/22/2019 11:10,4/5/2018 3:38,5/22/2019 11:10,412,412,100
Mehmetcanss,example_xtext_language_server_vscode,1/11/2019 17:18,1/11/2019 17:34,1/11/2019 17:18,1/11/2019 17:18,0,0,0
lidochca,xtext.skip.build.before.rename,0,0,0,0,0,0,0
cdietrich,xtext-maven-plugin-coverage-example,6/25/2021 9:12,6/25/2021 12:44,6/25/2021 9:12,6/25/2021 9:12,0,0,0
Kevin-Philip,TP_etudiant_Compilax,11/6/2018 14:04,1/14/2019 20:38,11/13/2018 8:16,1/7/2019 14:30,69,55,79.71
elite-se,elite-se.xtext.languages.plantuml,7/9/2020 14:16,7/13/2020 15:33,7/9/2020 14:16,7/13/2020 15:33,4,4,100
tshoang,BareBonesIDE,10/26/2023 22:24,10/26/2023 22:46,10/26/2023 22:46,10/26/2023 22:46,0,0,0
tareklel,PDFtoText,0,0,0,0,0,0,0
TVTower,TVTBlitzmaxEditor,12/16/2020 15:24,9/8/2021 8:33,12/16/2020 15:26,9/8/2021 8:33,265,265,100
cdietrich,xtext-multi-dsl-manual-metamodel,6/14/2021 15:01,6/14/2021 15:43,6/14/2021 15:01,6/14/2021 15:01,0,0,0
hallvard,xost,0,0,0,0,0,0,0
davidmpaz,log-book,2/20/2023 0:06,3/5/2023 21:04,2/20/2023 0:06,2/27/2023 2:10,13,7,53.85
oliver-reinhard,xtext-scoping-default-imports-demo,5/23/2019 22:57,5/23/2019 22:57,5/23/2019 22:57,5/23/2019 22:57,0,0,0
tshoang,Simple-Barebone-XText-based-IDE,10/23/2020 17:53,10/23/2020 18:00,10/23/2020 18:00,10/23/2020 18:00,0,0,0
MISO4202,uniandes.mdd.example.create-xtext,0,0,0,0,0,0,0
NaoMod,XText-Language-Server-in-VSCode,2/21/2022 16:17,3/10/2022 10:10,2/21/2022 16:17,2/21/2022 16:17,16,0,0
MISO4202,xtext-egl-sql2java,2/14/2019 23:55,2/14/2019 23:56,2/14/2019 23:55,2/14/2019 23:55,0,0,0
cdietrich,simple-xtext-parallel-load-example,6/7/2021 10:16,6/7/2021 10:16,6/7/2021 10:16,6/7/2021 10:16,0,0,0
bobbyfisher1,expressions,5/9/2018 14:31,5/18/2018 20:56,5/9/2018 14:31,5/18/2018 20:56,9,9,100
lowcomote,DBML-to-ER,11/17/2022 17:28,12/12/2022 12:12,11/17/2022 17:37,11/17/2022 17:37,24,0,0
tfLabs,xtext-n4js-lsp,9/27/2020 19:05,10/8/2020 23:34,9/28/2020 23:23,9/28/2020 23:23,11,0,0
yishakabreham,mde.sales.transactions.xtext.4,2/7/2022 0:12,2/7/2022 0:24,2/7/2022 0:12,2/7/2022 0:12,0,0,0
Rajesh2015,DSL-using-Xtext-and-Xtend,3/30/2018 20:47,3/30/2018 23:31,3/30/2018 23:25,3/30/2018 23:25,0,0,0
cdietrich,xtext-lsp-tests-with-tycho,11/25/2021 13:15,11/26/2021 13:40,11/25/2021 13:15,11/25/2021 13:15,1,0,0
CarlosAsrc,Reconhecedor-scheme,3/28/2019 21:28,4/16/2019 22:14,3/28/2019 22:36,4/3/2019 23:16,19,6,31.58
oliver-reinhard,xtext-scoping-default-namespaces-demo,2/16/2019 20:48,2/16/2019 20:48,2/16/2019 20:48,2/16/2019 20:48,0,0,0
TVTower,TVTDatabaseEditor,4/7/2021 11:04,12/8/2023 7:02,4/20/2021 20:13,12/8/2023 7:02,974,961,98.67
casino-mdd,DSL,6/18/2019 18:21,7/11/2019 19:19,6/18/2019 19:01,7/11/2019 19:19,23,23,100
cokeSchlumpf,bashdsl,11/15/2015 15:18,10/15/2018 14:21,11/15/2015 15:18,10/15/2018 14:17,1064,1064,100
sumeetchhetri,faugjs-eclipse-plugin,5/14/2019 22:45,5/30/2019 22:54,5/14/2019 22:49,5/14/2019 22:49,16,0,0
sderrien,Uclid-editor,1/16/2021 12:01,2/12/2021 9:18,1/16/2021 12:14,1/19/2021 9:47,26,2,7.69
GlancingMind,xtext-lsp-missing-deleteFile-impl,5/6/2023 9:54,5/6/2023 9:54,5/6/2023 9:54,5/6/2023 9:54,0,0,0
zmy3036190149,theia-xtext-pf-v1-backup,10/23/2019 21:28,10/23/2019 21:28,10/23/2019 21:28,10/23/2019 21:28,0,0,0
MDSDLab,mdsd-2023-lab2-xtext-xtend,9/22/2023 13:23,9/22/2023 13:50,9/22/2023 13:50,9/22/2023 13:50,0,0,0
abieren,MDSD-Xtext-Project-for-JavaFX,1/18/2020 23:29,1/20/2020 3:14,1/18/2020 23:29,1/20/2020 3:14,1,1,100
SimonCockx,xtext-assertAllWhitespaceIsFormatted,1/18/2023 14:03,1/18/2023 14:03,1/18/2023 14:03,1/18/2023 14:03,0,0,0
tombk556,SF_Factories_Beleg2324_Xtext_DSL,1/10/2024 10:59,1/10/2024 10:59,1/10/2024 10:59,1/10/2024 10:59,0,0,0
DonatasC,CodeGeneration,0,0,0,0,0,0,0
trichterwolke,init,11/20/2018 21:01,3/6/2019 7:26,11/20/2018 21:01,2/26/2019 20:09,105,97,92.38
zs6jce,x400-xrpgle,0,0,0,0,0,0,0
cyrilnavessamuel,TripManagment,9/12/2018 21:22,9/12/2018 21:22,9/12/2018 21:22,9/12/2018 21:22,0,0,0
paullewallencom,xtext-xtend-978-1-7864-6496-5,12/6/2020 15:35,12/26/2020 15:18,12/26/2020 15:18,12/26/2020 15:18,19,0,0
coalae,telemed,6/29/2018 18:45,3/28/2019 22:35,6/29/2018 18:45,6/29/2018 18:45,272,0,0
vorburger,xtend-StackOverflowError-issue461,0,0,0,0,0,0,0
JoaoMAlmeida,projetoCompiladores18-2,10/18/2018 16:21,10/20/2018 22:03,10/18/2018 16:21,10/19/2018 19:15,2,1,50
Bisssen,math_assignment_3_math_compiler_xtext_and_xtend,4/13/2021 9:01,4/13/2021 9:05,4/13/2021 9:05,4/13/2021 9:05,0,0,0
vks2106,domain.model,1/17/2022 21:24,1/17/2022 21:24,1/17/2022 21:24,1/17/2022 21:24,0,0,0
metafacture,metafacture-flux,11/13/2020 13:35,12/1/2023 10:20,11/16/2020 11:19,11/19/2020 13:25,1112,3,0.27
mrtnstn,example-script-language,4/20/2018 1:35,4/20/2018 1:54,4/20/2018 1:54,4/20/2018 1:54,0,0,0
Michel-Nassalang,eclipse_workspace,9/8/2023 21:29,9/8/2023 21:29,9/8/2023 21:29,9/8/2023 21:29,0,0,0
varadbal,FunPL,8/27/2018 23:45,9/26/2018 14:47,8/27/2018 23:45,9/26/2018 9:00,29,29,100
oliverablagojevic,QuestionnaireDSL,7/16/2020 22:29,7/16/2020 23:11,7/16/2020 22:43,7/16/2020 22:43,0,0,0
EightPillars,NmtranEditor,2/19/2018 9:05,6/19/2018 9:16,2/19/2018 9:05,6/19/2018 9:16,119,119,100
DSIE2,Implementing-observer-design-pattern-with-Xtext-and-Xtend,6/27/2018 20:28,6/27/2018 20:28,6/27/2018 20:28,6/27/2018 20:28,0,0,0
George-6629,Lobster-language-conversion-sql-language-based-on-Xtext,4/13/2021 21:53,4/14/2021 23:57,4/14/2021 23:57,4/14/2021 23:57,1,0,0
hvbargen,meth,4/18/2022 21:51,4/18/2022 22:02,4/18/2022 22:02,4/18/2022 22:02,0,0,0
mischnic,bachelors-thesis,0,0,0,0,0,0,0
cs130-w22,statemachine,1/3/2022 10:56,1/3/2022 10:57,1/3/2022 10:57,1/3/2022 10:57,0,0,0
cesarlaso,tfm-udima-arquitectura-del-software-dsl-ecore-xtext-emf,6/19/2018 10:08,6/19/2018 10:08,6/19/2018 10:08,6/19/2018 10:08,0,0,0
houssemradhouane,Meta-Modelisation-of-Games-Using-UML-Eclipse-Xtext-Acceleo-JAVA,11/30/2021 22:31,1/18/2022 14:45,11/30/2021 22:31,11/30/2021 23:14,48,0,0
mdsd-team-1,domain-specific-language,6/9/2019 23:12,7/2/2019 20:49,6/9/2019 23:30,6/9/2019 23:30,22,0,0
PalladioSimulator,Palladio-Editors-VSCode,0,0,0,0,0,0,0
nils-christian,xtend-active-annotation-issue,0,0,0,0,0,0,0
modicio,feature-dsl-tools,5/12/2023 15:13,9/20/2023 22:15,5/12/2023 15:26,5/22/2023 14:38,131,9,6.87
HBuender,Aim42Visualizer,5/16/2019 8:35,5/16/2019 13:03,5/16/2019 9:20,5/16/2019 13:03,0,0,0
scanyboss,ide-yourdsl,0,0,0,0,0,0,0
spirvdev,dumpsymb,0,0,0,0,0,0,0
thlaegler,edilang,4/20/2022 9:33,4/29/2022 12:19,4/20/2022 10:55,4/29/2022 12:19,9,9,100
agonzalezgaliana,mydsl-language-server,0,0,0,0,0,0,0
codezork,DSL-Blog,10/26/2019 13:10,10/30/2019 1:17,10/30/2019 1:08,10/30/2019 1:08,3,0,0
LorenzoBettini,issue-2000-example,11/15/2022 19:35,11/17/2022 18:48,11/15/2022 19:35,11/15/2022 19:35,1,0,0
trifonnt,net.adempiere.dsl.properties.spring.parent,8/5/2018 14:47,5/1/2021 20:03,8/5/2018 14:47,5/1/2021 20:03,1000,1000,100
scanyboss,hello-world-language,0,0,0,0,0,0,0
joerg-holtmann,Pretty-Printer_Language-Analysis,11/25/2021 16:30,2/2/2024 14:51,5/12/2022 16:38,2/2/2024 14:51,798,630,78.95
coffeeframework,HLVL,10/7/2020 15:38,10/10/2020 10:05,10/7/2020 15:38,10/10/2020 10:05,2,2,100
HermanPeeren,eJSL-MPS,0,0,0,0,0,0,0
kukulkan-project,kukulkan-language-server,3/2/2018 13:51,1/5/2019 23:00,7/11/2018 14:59,1/5/2019 23:00,309,178,57.61
mdsd-team-1,dsl-layered-style,0,0,0,0,0,0,0
larissafiorini,t2-lingProg,4/5/2018 21:51,5/6/2018 23:08,4/22/2018 14:12,5/6/2018 18:47,31,14,45.16
ragben,NetzDsl,0,0,0,0,0,0,0
Cosimo5lli,assertx-swing,4/16/2018 22:36,9/6/2018 11:10,4/16/2018 22:45,6/18/2018 21:43,142,62,43.66
gyaltso,Eclipse-Training-Schedules,0,0,0,0,0,0,0
wzurborg,xtend-example,4/7/2020 14:41,4/7/2020 15:24,4/7/2020 14:51,4/7/2020 14:51,0,0,0
kyberszittya,simple-ros-code-generator,5/5/2020 20:53,8/31/2020 14:29,5/7/2020 0:59,8/31/2020 14:29,117,116,99.15
LinguaPhylo,linguaPhyloDSL,3/19/2021 15:42,5/25/2021 16:42,3/22/2021 12:25,5/25/2021 16:09,67,64,95.52
dsanmartins,Entidades,11/4/2020 11:04,12/7/2020 22:56,11/4/2020 11:04,11/4/2020 11:04,33,0,0
opcoach,datasample,8/21/2010 13:24,12/21/2020 16:41,2/15/2014 17:38,10/12/2020 16:19,3775,2430,64.37
bujosa,smart-dsl,7/1/2023 5:13,11/11/2023 20:50,7/1/2023 5:21,8/7/2023 17:18,133,37,27.82
robinguill,DSL_UML_INSA,12/18/2020 8:15,2/4/2021 11:56,12/18/2020 8:15,2/3/2021 21:19,48,47,97.92
DedalArmy,SpringDSLJava,0,0,0,0,0,0,0
LiamWalsh98,tumlrt-language-server,6/29/2016 16:43,2/15/2021 18:16,7/21/2016 11:48,3/11/2020 14:29,1692,1329,78.55
jonev,HTTP-REST-test-DSL,12/6/2020 18:35,12/9/2020 20:54,12/6/2020 18:35,12/6/2020 18:35,3,0,0
ElBilbao,DSL-Wizard-Creator,8/30/2020 20:13,8/30/2020 20:13,8/30/2020 20:13,8/30/2020 20:13,0,0,0
ooaa30,Wail,8/17/2020 11:12,8/30/2020 22:21,8/17/2020 11:12,8/17/2020 11:12,13,0,0
Wilson008,GrammarGenerator,0,0,0,0,0,0,0
ScytherTool,dsl,5/22/2023 5:07,5/23/2023 2:29,5/22/2023 5:07,5/23/2023 2:17,0,0,0
NaoMod,MiniTL,9/23/2016 17:03,5/30/2023 15:07,3/13/2023 19:19,3/13/2023 19:19,2439,0,0
ryangarvey,mde-spec,2/12/2021 15:08,4/15/2021 16:09,4/15/2021 15:04,4/15/2021 15:04,62,0,0
bfMarcelino,SchemeLP,4/4/2019 21:19,4/4/2019 21:28,4/4/2019 21:24,4/4/2019 21:24,0,0,0
henriklange,ifcBrickConvert,0,0,0,0,0,0,0
osarenogae,fault_trees_textual_editor,4/13/2021 15:43,4/26/2021 15:26,4/13/2021 18:11,4/13/2021 18:28,12,0,0
claudenirmf,TPTP-Editor,3/8/2019 11:59,3/11/2019 12:02,3/8/2019 12:12,3/11/2019 11:26,3,2,66.67
augustin-rialan,IDM,12/18/2019 15:45,1/14/2020 16:07,1/14/2020 16:07,1/14/2020 16:07,27,0,0
henriklange,ifcBrickConvertDsl,4/25/2018 12:59,4/25/2018 13:09,4/25/2018 13:09,4/25/2018 13:09,0,0,0
PikaQin,XModel-Code-Converter,6/16/2020 21:12,6/16/2020 21:55,6/16/2020 21:23,6/16/2020 21:23,0,0,0
helloyaqin,XModel-Code-Converter,6/16/2020 21:12,6/16/2020 21:45,6/16/2020 21:23,6/16/2020 21:23,0,0,0
Garlo13,CEPStaticAnalysis,7/5/2018 13:42,7/5/2018 13:42,7/5/2018 13:42,7/5/2018 13:42,0,0,0
Frederic-Boulanger-UPS,MiniARM-feature,7/30/2022 17:59,10/12/2023 14:37,7/30/2022 18:06,7/30/2022 18:06,438,0,0
Jaddison011,C4EventB,3/6/2023 13:43,5/9/2023 11:23,5/8/2023 21:14,5/9/2023 11:23,63,0,0
MDEGroup,metatemplating,2/24/2021 10:45,7/6/2021 11:10,2/24/2021 10:53,7/6/2021 11:10,131,131,100
abdullah-4Mohammed,AWS-EC2-Service_DSL-EMF,0,0,0,0,0,0,0
grammeaway,math-interpreter-dsl,3/26/2021 0:25,3/26/2021 0:25,3/26/2021 0:25,3/26/2021 0:25,0,0,0
ahmedsaleh1998,concept_project,0,0,0,0,0,0,0
Chaimaa-Louahabi,Model-Driven-Engineering,3/4/2021 19:42,4/2/2021 18:46,3/4/2021 19:42,3/4/2021 19:45,28,0,0
fayssalElAnsari,Kotlin-Meta-Model,3/9/2023 13:52,4/1/2023 17:08,4/1/2023 17:08,4/1/2023 17:08,23,0,0
MisbahAwan,SeamlessRuntimeTransformations,5/17/2022 23:39,5/17/2022 23:53,5/17/2022 23:53,5/17/2022 23:53,0,0,0
ProjetoDSL,CanopusDesign,0,0,0,0,0,0,0
Ryuzaki101,Workbench,4/22/2023 10:24,2/24/2024 13:56,4/22/2023 10:24,4/22/2023 10:24,308,0,0
eclipse,xtext,5/9/2008 15:57,3/5/2024 14:21,6/14/2016 8:30,10/10/2022 15:44,5778,2309,39.96
eclipse,xtext-core,5/9/2008 15:57,4/3/2023 14:45,6/14/2016 8:30,10/10/2022 15:44,5441,2309,42.44
eclipse,xtext-xtend,5/9/2008 15:57,4/3/2023 14:47,6/14/2016 14:25,2/11/2020 13:16,5441,1336,24.55
eclipse,xtext-eclipse,5/9/2008 15:57,4/3/2023 14:47,6/15/2016 8:38,3/5/2020 22:24,5441,1359,24.98
eclipse,xtext-extras,5/9/2008 15:57,4/3/2023 14:46,6/14/2016 10:17,9/29/2022 14:42,5441,2298,42.23
eclipse,xtext-web,5/9/2008 15:57,4/3/2023 14:48,6/14/2016 11:29,2/11/2020 13:17,5441,1337,24.57
xtext,seven-languages-xtext,6/12/2012 8:02,2/28/2023 15:14,7/10/2012 12:08,8/22/2014 0:32,3912,772,19.73
eclipse,xtext-maven,0,0,0,0,0,0,0
eclipse,xtext-lib,0,0,0,0,0,0,0
xtext,maven-xtext-example,11/22/2013 5:38,2/27/2024 17:18,11/22/2013 15:09,1/8/2017 18:45,3749,1143,30.49
seebk,LaTeXText,0,0,0,0,0,0,0
cdietrich,xtext-languageserver-example,6/29/2016 16:43,2/27/2024 16:56,7/21/2016 11:48,7/21/2016 11:48,2799,0,0
eclipse,xtext-idea,0,0,0,0,0,0,0
adamschmideg,coffeescript-eclipse,11/3/2011 11:41,5/15/2013 22:38,11/3/2011 11:41,3/12/2012 17:17,559,130,23.26
RvonMassow,xDoc,8/5/2010 11:12,1/19/2015 16:19,9/27/2010 14:42,2/10/2012 16:05,1628,501,30.77
xtext,xtext-gradle-plugin,0,0,0,0,0,0,0
LorenzoBettini,packtpub-xtext-book-2nd-examples,9/1/2016 8:34,4/2/2020 18:43,9/1/2016 8:34,1/16/2017 11:00,1309,137,10.47
PrinceMei,xTextHandler,0,0,0,0,0,0,0
LorenzoBettini,packtpub-xtext-book-examples,8/1/2013 1:28,5/29/2015 14:27,8/13/2013 8:00,5/30/2014 19:22,666,290,43.54
theia-ide,theia-xtext,5/8/2017 10:12,10/9/2019 19:10,12/4/2017 13:40,12/4/2017 13:40,884,0,0
svenefftinge,xtext-lsp-workshop,6/12/2017 13:22,10/18/2018 13:21,6/12/2017 13:22,6/12/2017 13:22,492,0,0
ObeoNetwork,Xtext-Sirius-integration,7/7/2011 17:10,6/21/2017 11:59,5/27/2014 14:29,4/10/2017 16:50,2175,1049,48.23
dslmeinte,Xtext2-DSLs,7/25/2011 13:35,10/4/2014 16:47,7/25/2011 14:17,10/4/2014 16:47,1167,1167,100
merks,Xcore,8/2/2011 10:36,1/24/2012 5:58,8/2/2011 10:55,10/28/2011 10:58,175,87,49.71
ssi-schaefer,lcdsl,2/1/2017 15:25,2/22/2024 15:35,2/1/2017 15:28,7/1/2022 7:52,2577,1975,76.64
eclipse,xtext-umbrella,0,0,0,0,0,0,0
danieldietrich,xtext-protected-regions,0,0,0,0,0,0,0
xtext,xtend-gradle-plugin,0,0,0,0,0,0,0
aphethean,xtext-maven-examples,10/2/2012 6:44,9/6/2013 9:36,10/2/2012 17:03,5/22/2013 21:06,338,232,68.64
ckulla,xtext-tycho-example,1/22/2012 13:17,8/26/2015 19:54,1/22/2012 13:17,8/13/2013 19:51,1312,569,43.37
vorburger,xtext-sandbox,6/11/2012 2:06,2/18/2016 12:29,6/11/2012 11:14,2/18/2016 12:29,1347,1347,100
basilfx,xtext-standalone-maven-build,6/8/2017 9:19,7/10/2017 11:45,6/8/2017 9:19,6/8/2017 9:19,32,0,0
JakeGinnivan,XText,0,0,0,0,0,0,0
OLibutzki,xtext.tools,0,0,0,0,0,0,0
Xpitfire,xtext-dnn,12/3/2016 18:57,4/19/2017 0:40,12/3/2016 21:44,12/17/2016 22:56,136,14,10.29
LorenzoBettini,Xtext2-experiments,11/21/2011 11:41,4/19/2014 9:26,11/21/2011 11:56,4/18/2014 18:06,879,879,100
eclipse,xsemantics,9/7/2017 15:05,11/30/2023 17:32,9/7/2017 15:05,12/5/2019 17:07,2274,818,35.97
xtext,xtext-reference-projects,12/14/2017 14:16,2/28/2024 10:33,12/20/2017 14:45,2/28/2024 10:17,2266,2260,99.74
mzaks,FlatBuffersSchemaEditor,12/3/2015 22:50,2/26/2017 10:47,12/3/2015 22:50,11/4/2016 13:16,450,336,74.67
vorburger,eLang,8/7/2011 12:21,5/2/2016 10:39,8/19/2011 13:45,12/8/2011 19:06,1730,111,6.42
fuinorg,emt-xtext-archetype,10/4/2013 13:16,11/8/2019 18:15,1/8/2017 20:02,1/8/2017 20:02,2225,0,0
eclipse-soc,amalgamation-examples-xtext,7/20/2011 18:43,8/14/2011 16:10,7/20/2011 20:32,8/14/2011 16:10,24,24,100
kthoms,xtext-experimental,0,0,0,0,0,0,0
dsldevkit,dsl-devkit,9/14/2016 13:07,3/4/2024 13:53,10/20/2016 12:44,11/24/2022 11:48,2728,2226,81.6
itemis,generator-xtext,4/5/2017 15:14,1/4/2020 18:20,4/5/2017 15:43,4/5/2017 15:43,1004,0,0
att,yang-design-studio,10/29/2015 9:43,11/3/2015 12:22,10/29/2015 9:51,10/29/2015 9:51,5,0,0
martinbaker,xtextadd,11/18/2014 18:41,2/11/2015 16:15,11/18/2014 18:41,2/11/2015 9:33,84,84,100
LorenzoBettini,edelta,10/5/2016 16:42,12/12/2023 10:48,10/5/2016 16:47,4/29/2022 18:45,2623,2032,77.47
sebastianbenz,xgherkin,7/7/2011 23:08,9/22/2016 17:02,7/7/2011 23:08,9/22/2016 15:48,1903,1903,100
vladdu,xtext.unittesting,3/17/2011 4:10,12/1/2016 15:02,6/10/2011 14:49,11/17/2016 16:58,2086,1987,95.25
slizaa,slizaa-opencypher-xtext,10/4/2016 16:44,1/7/2019 22:59,10/4/2016 16:44,8/2/2018 12:40,825,666,80.73
xpomul,cdo-xtext,1/23/2014 15:58,5/18/2016 9:28,3/11/2014 9:27,3/11/2014 9:27,845,0,0
mark-christiaens,Xtext-Models-Stats-View,0,0,0,0,0,0,0
TypeFox,xtext-jflex,0,0,0,0,0,0,0
vorburger,eclipse-typescript-xtext,11/15/2013 21:10,1/4/2014 0:58,11/15/2013 21:10,1/4/2014 0:58,49,49,100
patrickneubauer,XMLText,0,0,0,0,0,0,0
xtext,org.xtext.antlr.generator,0,0,0,0,0,0,0
boalang,xtext-ide,5/22/2014 23:22,8/20/2022 15:02,5/22/2014 23:42,5/16/2019 16:27,3011,1819,60.41
nittka,terminology,2/21/2013 23:32,2/9/2020 13:40,2/27/2013 21:59,2/9/2020 13:40,2543,2537,99.76
veraPDF,veraPDF-model-syntax,5/5/2015 11:23,2/22/2024 10:59,5/5/2015 11:32,7/16/2023 14:27,3214,2994,93.15
TypeFox,languageserver-example,7/27/2016 13:33,2/2/2017 11:07,7/27/2016 13:33,7/27/2016 13:33,189,0,0
Hellmy,plantuml-eclipse-xtext,7/20/2015 21:47,1/20/2016 13:26,7/20/2015 21:53,1/20/2016 12:40,183,183,100
stephanrauh,JSFLibraryGenerator,6/5/2015 21:58,6/7/2018 18:17,6/5/2015 22:14,9/25/2016 12:49,1097,477,43.48
loonwerks,jkind-xtext,9/4/2013 6:35,6/2/2020 8:00,9/4/2013 8:39,1/14/2018 7:49,2462,1593,64.7
TatyPerson,Xtext2Sonar,0,0,0,0,0,0,0
TypeFox,xtext-vscode,5/4/2016 16:46,3/10/2017 8:49,5/4/2016 18:01,5/4/2016 18:01,309,0,0
svenefftinge,Xtext-Workshop-Development-Workspace,7/3/2011 18:50,7/3/2011 19:09,7/3/2011 18:50,7/3/2011 19:08,0,0,0
cdietrich,xtext-uml-example,6/9/2015 7:09,6/9/2015 7:42,6/9/2015 7:09,6/9/2015 7:09,0,0,0
cdietrich,xtext-maven-example,12/30/2013 2:48,2/27/2024 17:46,12/30/2013 13:55,12/30/2013 13:55,3711,0,0
marklemay,tptpParser,11/23/2013 21:39,7/31/2019 16:45,12/28/2013 18:02,12/28/2013 22:17,2075,0,0
borgar,xtexts,0,0,0,0,0,0,0
uqbar-project,xtext-tortuga-lang,6/6/2015 0:37,6/6/2015 0:45,6/6/2015 0:38,6/6/2015 0:38,0,0,0
dslmeinte,Xtext1-DSLs,3/31/2011 13:39,8/5/2011 11:21,3/31/2011 13:39,8/4/2011 17:44,127,126,99.21
applause,applause,3/17/2011 0:56,1/13/2014 9:05,6/16/2011 13:46,1/10/2014 17:22,1033,939,90.9
LorenzoBettini,ecefrance2015-xtext-example,6/17/2015 15:54,5/14/2016 11:54,6/17/2015 15:54,6/19/2015 14:32,331,1,0.3
jcmm33,DirectXTextBlock,0,0,0,0,0,0,0
dhuebner,xtext-apidiff,0,0,0,0,0,0,0
appdev,XTextView,0,0,0,0,0,0,0
oehme,xtext-maven-example,8/7/2014 10:11,12/11/2015 18:12,8/13/2014 16:24,8/16/2014 9:03,491,2,0.41
SMadani,ThriftMDE,8/23/2016 13:04,10/26/2018 14:58,3/1/2018 12:28,3/1/2018 12:28,794,0,0
xtext,xtext-external-editors,12/16/2015 9:33,10/30/2020 11:00,12/16/2015 10:09,12/16/2015 10:09,1780,0,0
itemis,xtext-generator-vscode,7/21/2016 23:37,10/26/2016 8:55,10/23/2016 3:05,10/23/2016 3:05,96,0,0
soluvas,ecommerce-sample,0,0,0,0,0,0,0
tianguanghui,xTextHandler-objc,0,0,0,0,0,0,0
meysholdt,xtext_stateful_lexer,6/4/2012 1:49,11/18/2013 11:10,6/4/2012 11:06,6/4/2012 11:06,532,0,0
holgerschill,XtextCon_Xcore_Maven,5/12/2015 15:22,6/16/2016 9:41,5/12/2015 15:38,5/12/2015 15:38,400,0,0
scottopell,vim-xtext,0,0,0,0,0,0,0
itemis,xtext-debug-example-no-xbase,11/23/2017 16:56,11/24/2017 18:54,11/23/2017 16:56,11/23/2017 16:56,1,0,0
TypeFox,Xtext-XMI,7/6/2017 11:23,7/6/2017 14:49,7/6/2017 12:48,7/6/2017 12:48,0,0,0
joergreichert,XtextPlayground,4/30/2012 1:17,10/30/2016 15:46,5/27/2012 16:27,6/3/2012 18:15,1644,7,0.43
wuwen1030,XTExtension,0,0,0,0,0,0,0
fuinorg,org.fuin.dsl.cqrs,4/18/2014 6:43,2/8/2015 12:01,4/18/2014 17:46,2/8/2015 12:01,295,295,100
JanKoehnlein,EclipseCon2013_XtextTutorial,3/19/2013 3:43,10/24/2013 14:41,3/19/2013 17:36,10/24/2013 14:40,219,218,99.54
avaranovich,megal-xtext,6/7/2014 9:17,2/27/2017 11:46,10/25/2014 19:25,1/24/2017 10:26,996,821,82.43
fuinorg,org.fuin.dsl.ddd,3/28/2014 2:49,12/30/2018 7:45,7/27/2017 9:01,7/14/2018 10:30,1737,352,20.26
arturboronat,xtext.domainmodel,9/23/2016 15:14,11/14/2018 9:43,9/23/2016 15:41,9/23/2016 15:41,781,0,0
otrosien,xtext-perl,5/10/2016 19:27,5/27/2016 8:43,5/10/2016 19:27,5/27/2016 8:39,16,16,100
cmendible,Hexa.xText,0,0,0,0,0,0,0
SciSpike,yaktor-dsl-xtext,5/25/2016 18:05,11/22/2016 12:32,5/25/2016 18:05,10/5/2016 14:58,180,132,73.33
andrearn,org.fornax.soa.xtextservicerepository,3/4/2011 21:07,2/17/2019 0:13,10/2/2014 11:30,2/14/2019 9:05,2906,1595,54.89
ujhelyiz,xtext-reflective,0,0,0,0,0,0,0
szarnekow,xtextcon-xbase-example,5/21/2014 1:51,10/26/2014 0:47,5/21/2014 14:47,5/25/2014 19:15,157,4,2.55
bsi-software,org.eclipse.scout.xtext,9/24/2012 10:04,5/23/2013 19:02,9/24/2012 19:54,3/19/2013 17:42,240,175,72.92
cdietrich,xtext-languageserver-xbase-example,8/11/2016 10:59,8/12/2016 14:49,8/11/2016 11:05,8/11/2016 11:05,1,0,0
test-editor,deprecated-test-editor-xtext,5/6/2015 9:40,11/7/2018 9:35,11/16/2015 12:00,5/2/2018 9:56,1281,897,70.02
awk-kazmin,eclipse_1C_xtext,4/15/2015 11:38,4/15/2015 11:38,4/15/2015 11:38,4/15/2015 11:38,0,0,0
svenefftinge,fowlers-statemachine-with-expressions,5/7/2012 9:35,5/7/2012 9:35,5/7/2012 9:35,5/7/2012 9:35,0,0,0
copton,XTextExamples,7/9/2010 11:15,7/9/2010 13:05,7/9/2010 11:24,7/9/2010 13:05,0,0,0
GeekBugs,XTextView,0,0,0,0,0,0,0
akosyakov,org.xtext.example.mydsl.idea,7/14/2014 18:32,10/14/2014 13:32,7/14/2014 18:32,9/11/2014 13:38,91,58,63.74
vaulttec,isis-script,7/5/2015 19:15,2/20/2017 21:59,7/5/2015 19:24,1/2/2017 16:10,596,546,91.61
HBehrens,Xtext2Workshop,0,0,0,0,0,0,0
GrupoHunter,Kukuroo,11/30/2013 19:13,12/1/2013 8:21,12/1/2013 8:21,12/1/2013 8:21,0,0,0
itemis,xtext-languageserver-example-lsp4e,0,0,0,0,0,0,0
fatalerrortan,Xtext_Xtend_HTML_Generator,4/20/2017 23:25,5/22/2022 14:54,4/30/2017 23:48,8/2/2017 23:56,1857,94,5.06
spoenemann,xtext-gef,3/27/2015 15:52,5/15/2015 11:18,3/27/2015 15:52,5/6/2015 14:48,48,39,81.25
Minres,RDL-Editor,9/12/2017 12:48,1/8/2023 18:56,9/12/2017 12:48,6/2/2018 18:41,1944,263,13.53
svenefftinge,Guice-Modules-DSL,3/29/2011 6:02,5/30/2012 17:10,3/29/2011 6:02,5/23/2012 16:11,428,421,98.36
LorenzoBettini,jbase,9/8/2015 17:58,6/22/2022 18:53,9/8/2015 17:58,4/7/2021 9:32,2479,2037,82.17
mn-mikke,Model-driven-Pretty-Printer-for-Xtext-Framework,2/26/2013 14:14,3/8/2013 16:00,2/26/2013 14:14,2/26/2013 14:14,10,0,0
hishidama,xtext-dmdl-editor,8/17/2013 10:39,11/4/2021 11:28,8/17/2013 10:39,8/17/2017 21:11,3001,1461,48.68
cmark,androtext,11/19/2011 12:13,10/18/2013 7:04,11/19/2011 12:13,10/6/2012 13:39,698,322,46.13
svenefftinge,homeautomation-example,9/24/2014 8:57,9/4/2015 9:57,9/4/2015 9:57,9/4/2015 9:57,345,0,0
SOM-Research,graphQL-xtext-grammar,3/22/2017 8:47,5/23/2017 16:42,3/23/2017 13:17,3/27/2017 13:59,62,3,4.84
janesser,frege-xtext,5/22/2016 13:09,7/17/2016 20:27,5/22/2016 13:09,7/17/2016 20:27,56,56,100
szarnekow,org.eclipse.e4.xcss,0,0,0,0,0,0,0
LorenzoBettini,xtext-scoping,5/29/2012 9:34,1/10/2013 21:31,5/29/2012 9:34,5/29/2012 9:58,226,0,0
JanKoehnlein,ESE-2010-Tutorial,10/20/2010 17:55,10/29/2010 17:36,10/20/2010 17:56,10/28/2010 18:43,8,8,100
spoenemann,xtext-orion,6/24/2015 17:29,6/25/2015 10:43,6/24/2015 17:29,6/24/2015 17:29,0,0,0
Modaptix,xtext-expressions,7/8/2015 1:41,9/4/2015 12:50,7/8/2015 1:41,9/3/2015 21:49,58,57,98.28
nittka,Jtag,3/5/2017 9:44,2/9/2020 12:21,3/5/2017 10:22,2/9/2020 12:21,1071,1071,100
erlide,erlide_xtext,5/23/2011 9:43,4/22/2016 9:41,4/22/2012 11:44,11/15/2012 12:29,1795,207,11.53
cdietrich,xtext-forum-support-example,0,0,0,0,0,0,0
ESIR2Compilation,Langage-WHILE,11/9/2015 9:10,1/22/2016 17:58,11/9/2015 9:22,12/15/2015 16:59,74,36,48.65
jhonatan89,gen-angular-grammar,11/16/2017 16:17,2/2/2018 12:01,11/16/2017 16:17,2/2/2018 12:01,77,77,100
Sofiane-13,tutorialXtextSirius,0,0,0,0,0,0,0
eclipse-soc,amalgamation-examples,5/13/2011 8:06,7/11/2011 12:03,5/13/2011 10:07,7/11/2011 12:03,59,59,100
dvdkruk,xtext-xsd-resourceprovider,0,0,0,0,0,0,0
marnix,metamath-eclipse-xtext,9/26/2015 10:20,11/21/2015 23:30,9/26/2015 10:20,11/21/2015 17:35,56,56,100
JanKoehnlein,Xtext-Syntax-View,0,0,0,0,0,0,0
planger,xtext-uml-experiment,9/22/2016 15:41,9/27/2016 10:15,9/22/2016 15:41,9/22/2016 15:41,4,0,0
rquinio,ck2xtext,1/21/2016 0:27,5/28/2019 18:37,7/5/2018 19:14,11/17/2018 15:46,1223,134,10.96
mzaks,petrinet_dsl,7/17/2011 13:43,7/28/2011 17:59,7/17/2011 13:43,7/17/2011 13:43,11,0,0
drnappalm,xtext,4/17/2014 16:06,5/12/2014 6:31,4/17/2014 22:17,5/12/2014 6:31,24,24,100
svenefftinge,Xtext-Workshop-Runtime-Workspace,0,0,0,0,0,0,0
martijndwars,XtextXT,8/21/2015 17:28,10/18/2015 17:48,8/21/2015 17:28,8/21/2015 17:28,58,0,0
nahni,xtextTessla,9/6/2017 13:06,9/6/2017 14:18,9/6/2017 13:06,9/6/2017 14:18,0,0,0
baidty,xtextLearning,4/11/2016 9:53,4/13/2016 19:56,4/13/2016 19:56,4/13/2016 19:56,2,0,0
MoayadHn,XtextBDI,11/12/2015 22:28,11/30/2015 23:26,11/12/2015 22:28,11/30/2015 23:03,18,18,100
fzalila,XtextExperiments,12/7/2015 19:30,2/22/2019 16:31,12/7/2015 19:30,12/7/2015 19:30,1172,0,0
Girish-Venkatesh,XTextSelenium,11/16/2014 19:46,11/16/2014 19:46,11/16/2014 19:46,11/16/2014 19:46,0,0,0
Vinayakatk,xtextScopes,6/10/2016 15:45,6/10/2016 15:45,6/10/2016 15:45,6/10/2016 15:45,0,0,0
01Lizard10,XTextUML,6/9/2015 7:09,6/19/2016 23:08,6/9/2015 7:09,6/19/2016 2:53,376,375,99.73
Salome-Maro,XtextUtils,0,0,0,0,0,0,0
fanghuixing,XtextApricot,10/6/2013 20:29,11/5/2013 20:35,10/6/2013 20:29,10/6/2013 20:29,30,0,0
mraminella,xtextTests,0,0,0,0,0,0,0
Alma2015RSABSAWA,XtextLangage,0,0,0,0,0,0,0
myorb,XTextParser,0,0,0,0,0,0,0
Jhinnn,XTextView,0,0,0,0,0,0,0
kathisai,xtextSample,7/24/2017 18:29,7/26/2017 10:43,7/24/2017 18:29,7/26/2017 10:43,1,1,100
huibo-shi,XtextExamples,2/5/2016 12:12,2/15/2016 21:49,2/5/2016 12:12,2/5/2016 17:04,10,0,0
osamu-k,XTextStudy,2/9/2014 20:34,2/9/2014 20:34,2/9/2014 20:34,2/9/2014 20:34,0,0,0
Treehopper,XTextTemplate,7/11/2014 19:58,11/3/2015 18:42,7/12/2014 1:48,7/13/2014 0:05,479,0,0
seba111,Xtext1,4/20/2013 19:14,7/2/2013 11:24,4/20/2013 19:14,5/16/2013 18:08,72,25,34.72
shinesamjacob,XtextExample,6/2/2016 14:18,6/2/2016 14:18,6/2/2016 14:18,6/2/2016 14:18,0,0,0
ajperalt,xtext,10/21/2013 11:42,10/23/2013 17:50,10/21/2013 15:54,10/23/2013 16:06,2,2,100
schakko,xtext-plugin-with-maven-tycho,2/13/2013 12:51,2/13/2013 13:10,2/13/2013 12:51,2/13/2013 12:51,0,0,0
colameo,xtext4roo,1/22/2011 14:34,5/27/2019 22:42,1/22/2011 17:06,1/22/2011 17:06,3047,0,0
vinpereira,XtextToXMI,6/21/2016 16:54,6/21/2016 17:04,6/21/2016 16:58,6/21/2016 16:58,0,0,0
JanKoehnlein,XtextCon2014,0,0,0,0,0,0,0
bink81,xtext-test,0,0,0,0,0,0,0
xtext42,xtext42-coding,0,0,0,0,0,0,0
borisbrodski,XtextBug437519,11/13/2014 13:49,11/13/2014 14:43,11/13/2014 13:49,11/13/2014 13:53,0,0,0
hypery2k,xText,0,0,0,0,0,0,0
borisbrodski,XtextBug453268,11/26/2014 10:16,11/26/2014 10:16,11/26/2014 10:16,11/26/2014 10:16,0,0,0
arnulfo-rodriguez,XtextClosureExample,1/26/2012 20:36,8/21/2013 21:16,2/19/2012 21:40,8/21/2013 21:16,573,548,95.64
superxlx,XTextViewDemo,0,0,0,0,0,0,0
johnBened,XtextMyDSLExample,0,0,0,0,0,0,0
philiber92,XtextTestRepository,9/20/2015 17:13,9/20/2015 17:13,9/20/2015 17:13,9/20/2015 17:13,0,0,0
fabienfleureau,XtextAtStackoverflow,0,0,0,0,0,0,0
yunxiaocloud,XTextFieldLimtDemo,0,0,0,0,0,0,0
eclipse,xtext-gradle,0,0,0,0,0,0,0
Mensmec,THESIS_XTEXT,0,0,0,0,0,0,0
MacJariel,sandbox-dsl,3/25/2011 22:32,5/13/2011 23:19,3/25/2011 22:32,5/13/2011 23:19,48,48,100
chetanladdha,XtextFormatingHoverSample,0,0,0,0,0,0,0
ainslec,XTextCustomLexerExample,4/14/2013 15:49,3/26/2014 12:00,4/14/2013 23:54,4/18/2013 21:06,345,3,0.87
hem28,DSL_Xtext2.3,9/4/2012 23:50,9/4/2012 23:50,9/4/2012 23:50,9/4/2012 23:50,0,0,0
HBuender,XtextAndSiriusIntegration,10/7/2017 10:00,10/17/2017 6:25,10/17/2017 6:19,10/17/2017 6:19,9,0,0
meysholdt,EclipseCon2014_XtextTutorial,10/9/2014 13:38,11/23/2014 10:28,10/9/2014 13:42,10/13/2014 11:32,44,3,6.82
jaimedelgado,Xtext,0,0,0,0,0,0,0
chris125964,xtext,0,0,0,0,0,0,0
DonRenando,xtext,11/12/2015 17:15,1/14/2016 11:16,11/12/2015 17:19,11/12/2015 17:19,62,0,0
martijndwars,Xtext,4/26/2015 21:55,8/20/2015 10:36,7/10/2015 13:26,8/20/2015 10:36,115,40,34.78
ozkandemir,XText,1/12/2014 3:05,1/17/2014 17:20,1/12/2014 13:07,1/17/2014 17:20,5,5,100
johnahfong,xtext,10/26/2015 15:51,10/27/2015 15:15,10/26/2015 15:54,10/27/2015 15:15,0,0,0
Mensmec,Xtext,0,0,0,0,0,0,0
pellcorp,xtext,2/2/2016 19:13,5/10/2016 23:11,2/2/2016 19:13,5/10/2016 23:11,98,98,100
Tutti91,Xtext,6/11/2015 15:38,6/11/2015 15:38,6/11/2015 15:38,6/11/2015 15:38,0,0,0
ANCIT,xtext-examples,7/14/2017 15:17,7/14/2017 17:40,7/14/2017 15:41,7/14/2017 15:41,0,0,0
DECENTSoftwareAssessment,dag.m1x,10/11/2013 12:03,11/5/2013 23:45,10/11/2013 12:03,10/31/2013 18:47,25,20,80
rmemory,xtext,3/29/2017 20:44,4/12/2017 15:42,3/29/2017 21:44,4/11/2017 17:49,13,12,92.31
deb-sandeep,com.sandy.xtext.jovenotes.tests,0,0,0,0,0,0,0
yasuohosotani,Xtext,4/5/2014 12:21,4/5/2014 14:37,4/5/2014 12:28,4/5/2014 12:28,0,0,0
Nika24,Xtext,5/11/2017 20:35,5/11/2017 21:27,5/11/2017 21:13,5/11/2017 21:21,0,0,0
BenediktNiehues,de.nie.fin,10/26/2012 2:21,10/31/2012 9:50,10/26/2012 13:18,10/31/2012 9:50,4,4,100
AlexElvers,XText,0,0,0,0,0,0,0
lakzso,xtext,2/23/2016 11:09,2/23/2016 11:09,2/23/2016 11:09,2/23/2016 11:09,0,0,0
seba111,Xtext,3/18/2013 15:12,5/15/2013 16:46,3/18/2013 15:12,5/15/2013 16:46,58,58,100
MacJariel,xtext,3/12/2011 13:18,3/12/2011 14:09,3/12/2011 13:57,3/12/2011 13:57,0,0,0
tmtron,xtext.15minTutorial,12/13/2016 17:48,12/13/2016 17:56,12/13/2016 17:48,12/13/2016 17:48,0,0,0
blewis13,Boxes,1/1/2016 9:59,1/8/2016 15:57,1/1/2016 11:28,1/8/2016 15:57,7,7,100
DECENTSoftwareAssessment,famix.m3x,6/7/2013 12:12,8/13/2014 14:13,6/7/2013 12:12,8/13/2014 14:13,432,432,100
dslmeinte,SimScript,10/21/2012 5:35,1/26/2017 13:04,9/18/2013 9:35,1/25/2017 15:13,1557,1225,78.68
webdaford,aqleditor,0,0,0,0,0,0,0
goldschmiede,2012-02-03_dsls_mit_xtext,1/21/2013 14:03,1/21/2013 14:03,1/21/2013 14:03,1/21/2013 14:03,0,0,0
kthoms,org.eclipse.xtext.example.domainmodel,7/8/2011 10:31,7/8/2011 10:31,7/8/2011 10:31,7/8/2011 10:31,0,0,0
Reitzner,xtextmaven,3/3/2016 15:03,3/4/2016 13:01,3/3/2016 15:03,3/3/2016 15:03,0,0,0
hectorsun,xtextonboost,0,0,0,0,0,0,0
duck2,xtextbg,0,0,0,0,0,0,0
HolyCityAudio,SpinCAD-Builder,12/8/2013 1:12,2/21/2019 6:37,12/8/2013 1:12,2/20/2019 12:08,1901,1900,99.95
ceefour,glproto,9/24/2011 1:23,10/5/2011 21:21,9/24/2011 1:23,9/24/2011 1:23,11,0,0
DECENTSoftwareAssessment,dag.m1x.tests,0,0,0,0,0,0,0
gvd,xtext-sm,3/3/2012 20:37,3/3/2012 21:33,3/3/2012 20:37,3/3/2012 20:42,0,0,0
davidmpaz,php.ware.web.ui,0,0,0,0,0,0,0
DanielWeber,xtextext,0,0,0,0,0,0,0
fzalila,xtextfsm,5/25/2017 20:48,5/26/2017 17:07,5/25/2017 20:48,5/25/2017 20:48,0,0,0
DECENTSoftwareAssessment,dag.m1x.sdk,0,0,0,0,0,0,0
jgoppert,xmodelica,5/11/2016 0:47,5/16/2016 6:41,5/11/2016 2:08,5/16/2016 6:41,5,5,100
Vinayakatk,xtextgeneratetest,0,0,0,0,0,0,0
deb-sandeep,com.sandy.xtext.jovenotes,5/15/2015 0:04,1/14/2023 19:34,5/15/2015 0:04,1/14/2023 19:34,2801,2801,100
DECENTSoftwareAssessment,dag.m1x.ui,0,0,0,0,0,0,0
viatra,viatra-evm-xtext,12/8/2015 16:52,1/11/2016 16:49,12/22/2015 16:41,12/22/2015 16:41,33,0,0
protossoftware,ReqText,6/24/2016 11:40,7/4/2016 22:38,6/27/2016 16:09,6/30/2016 17:07,10,3,30
meysholdt,e4dsl,7/2/2010 16:08,7/2/2010 19:04,7/2/2010 16:19,7/2/2010 19:02,0,0,0
benzait27,Xtext.Promo,11/8/2016 18:45,11/8/2016 19:03,11/8/2016 18:45,11/8/2016 18:45,0,0,0
malakeel,myDsl,6/5/2016 13:15,7/6/2016 23:13,6/5/2016 13:15,7/6/2016 23:13,31,31,100
npalix,org.eclipse.xtext.example.arithmetics,12/8/2016 16:02,11/22/2017 15:33,12/8/2016 16:02,11/22/2017 15:33,348,348,100
sormgabriel,textual_verduler,0,0,0,0,0,0,0
ekowahyudi,examplextext,0,0,0,0,0,0,0
DECENTSoftwareAssessment,famix.m3x.ui,0,0,0,0,0,0,0
nakul02,sialx-xtext-ide,6/19/2014 19:06,6/19/2014 19:07,6/19/2014 19:07,6/19/2014 19:07,0,0,0
kduske-n4,DomainModel,9/12/2016 14:33,9/12/2016 14:33,9/12/2016 14:33,9/12/2016 14:33,0,0,0
Infoly,SmallJava,0,0,0,0,0,0,0
inakuhn,de.htwg.mdse.setgame.entities.parent,6/10/2017 7:48,6/12/2017 23:20,6/10/2017 7:48,6/12/2017 23:20,2,2,100
mlanoe,x-vhdl,12/29/2014 23:50,1/30/2015 22:18,12/29/2014 23:59,1/13/2015 22:35,31,14,45.16
DECENTSoftwareAssessment,famix.m3x.tests,0,0,0,0,0,0,0
nkonev,CalcXtext,9/29/2013 20:13,10/22/2013 19:58,9/29/2013 20:13,9/29/2013 20:13,22,0,0
meysholdt,xtext_examples,5/14/2014 9:19,8/4/2015 20:04,5/14/2014 9:51,8/4/2015 20:04,447,447,100
manuelleduc,xtext-lib,0,0,0,0,0,0,0
xarvey,atom-xtext-package,10/3/2015 11:43,2/15/2017 16:59,10/3/2015 12:59,10/3/2015 12:59,501,0,0
LolloCorte,bpel-xtext,9/8/2011 13:44,9/8/2011 14:40,9/8/2011 13:44,9/8/2011 13:44,0,0,0
sciolizer,xtext-sandbox,2/8/2016 18:22,2/8/2016 19:12,2/8/2016 18:22,2/8/2016 18:35,0,0,0
denschu,xtext-whitespace,3/1/2012 16:55,3/8/2012 20:43,3/1/2012 16:55,3/8/2012 20:43,7,7,100
pablitar,claseXtext,11/2/2012 18:19,6/28/2013 23:39,11/2/2012 22:23,11/2/2012 22:23,238,0,0
DECENTSoftwareAssessment,famix.m3x.sdk,0,0,0,0,0,0,0
tdegueul,xtext-composition,7/3/2014 23:52,7/4/2014 0:25,7/4/2014 0:04,7/4/2014 0:04,0,0,0
danieldietrich,xtext-javatools,1/16/2013 10:22,1/16/2013 10:22,1/16/2013 10:22,1/16/2013 10:22,0,0,0
akademia,ontouml-xtext,3/1/2011 0:35,3/1/2011 0:40,3/1/2011 0:35,3/1/2011 0:35,0,0,0
efuentesp,codebuilder-xtext,7/9/2016 13:13,7/11/2016 18:31,7/9/2016 13:13,7/9/2016 13:13,2,0,0
zrrk,xtext-utils,0,0,0,0,0,0,0
juli1,xtext-debug,5/22/2015 9:42,6/22/2015 11:50,5/22/2015 9:44,6/22/2015 11:50,31,31,100
nbhusare,Xtext-sandbox,7/11/2014 15:33,2/10/2020 17:53,3/31/2018 22:10,2/10/2020 17:43,2040,680,33.33
jachinte,xtext-grammars,2/19/2016 13:25,2/19/2016 23:16,2/19/2016 13:39,2/19/2016 17:24,0,0,0
susieagerholm,XTEXT_EXAMPLE,4/29/2017 12:32,5/29/2017 23:05,4/29/2017 12:32,5/25/2017 13:58,30,26,86.67
itemis,monaco-xtext,0,0,0,0,0,0,0
xiaoyvr,xtext-demo,3/20/2013 21:44,3/21/2013 0:43,3/20/2013 21:44,3/21/2013 0:43,0,0,0
hmc-cs111-fall2015,picobot-XText,11/18/2015 12:19,11/18/2015 18:36,11/18/2015 12:21,11/18/2015 18:36,0,0,0
yanntm,Xtext-Light,0,0,0,0,0,0,0
quendimax,libXtextcursorchanger,0,0,0,0,0,0,0
Ikraminfo,GrammaireXtext,0,0,0,0,0,0,0
nickeeyyoo,xtext_project,3/16/2016 20:10,4/8/2016 22:34,3/16/2016 20:26,3/24/2016 10:17,23,7,30.43
marinamygithub,xtext_project,5/2/2016 20:21,5/2/2016 20:21,5/2/2016 20:21,5/2/2016 20:21,0,0,0
lukashaertel,xtext-xgen,5/20/2014 7:07,9/15/2014 15:51,5/20/2014 19:36,9/15/2014 15:39,117,117,100
fmca,xtext-typesystem,10/27/2010 15:55,5/13/2011 18:11,10/27/2010 15:59,12/10/2010 18:21,198,44,22.22
almazhou,xtext-demo,0,0,0,0,0,0,0
Huluvu424242,xtext.example,4/29/2016 14:42,4/30/2016 21:21,4/29/2016 15:24,4/29/2016 17:35,1,0,0
kiddochan,xtext-typesystem,10/27/2010 15:55,5/13/2011 18:11,10/27/2010 15:59,12/10/2010 18:21,198,44,22.22
mmalohlava,ppXtext,7/18/2012 8:27,7/24/2012 18:50,7/24/2012 18:50,7/24/2012 18:50,6,0,0
ponta027,xtext_practice,5/13/2015 2:11,5/13/2015 2:20,5/13/2015 2:20,5/13/2015 2:20,0,0,0
bhdrkn,Xtext-Examples,10/20/2011 20:13,11/26/2011 22:45,10/20/2011 20:13,11/26/2011 22:45,37,37,100
fatalerrortan,Xtext-examples,4/23/2017 0:20,4/23/2017 1:02,4/23/2017 0:29,4/23/2017 0:31,0,0,0
gcr-nist,runtime-Xtext,0,0,0,0,0,0,0
fBrx,language-xtext,0,0,0,0,0,0,0
ilya-klyuchnikov,sll-xtext,1/26/2014 23:19,1/26/2014 23:30,1/26/2014 23:23,1/26/2014 23:23,0,0,0
vonbolt,Xtext_test,6/3/2015 16:36,6/17/2015 21:21,6/3/2015 16:36,6/17/2015 21:21,14,14,100
rytina,xtext-typesystem,10/27/2010 15:55,5/13/2011 18:11,10/27/2010 15:59,12/10/2010 18:21,198,44,22.22
philiber92,xtext-utils,0,0,0,0,0,0,0
thomasfischl,xtext-workshop,10/24/2013 8:19,11/29/2013 12:16,11/6/2013 8:56,11/21/2013 1:36,35,14,40
jbadeau,ng-xtext,0,0,0,0,0,0,0
OliverScherf,MGPL-Xtext,12/20/2017 16:48,1/30/2018 16:15,12/20/2017 16:48,1/24/2018 20:07,40,35,87.5
szarnyasg,gradle-xtext,10/30/2016 17:08,10/30/2016 18:25,10/30/2016 17:08,10/30/2016 17:08,0,0,0
malbac,Xtend_Xtext,4/26/2015 23:12,4/27/2015 0:06,4/27/2015 0:06,4/27/2015 0:06,0,0,0
gitpan,Convert-XText,0,0,0,0,0,0,0
rmemory,xtext_eclipse,0,0,0,0,0,0,0
lukashaertel,xtext-technocat,6/5/2014 18:34,5/3/2015 23:02,6/5/2014 18:40,6/6/2014 14:12,332,0,0
lukashaertel,xtext-xtestgen,7/12/2014 13:05,10/1/2014 17:48,7/15/2014 18:10,7/15/2014 18:10,81,0,0
zhangyuanqiao,selenium-xtext,2/8/2016 10:22,2/21/2016 14:06,2/8/2016 10:22,2/17/2016 17:54,13,9,69.23
cooked,modelica-xtext,2/16/2016 1:40,2/16/2016 1:40,2/16/2016 1:40,2/16/2016 1:40,0,0,0
pablitar,firewall-xtext,6/25/2013 21:48,6/25/2013 21:48,6/25/2013 21:48,6/25/2013 21:48,0,0,0
hamza-abed,JSEditorXtext,2/19/2014 14:04,2/20/2014 10:12,2/19/2014 14:04,2/20/2014 10:12,0,0,0
Virtlink,paplj-xtext,2/20/2017 11:23,3/17/2017 14:39,2/28/2017 13:49,2/28/2017 13:49,25,0,0
kwanggy,xtext-sublime,0,0,0,0,0,0,0
thicket-lang,thicket-xtext,10/6/2015 7:37,10/6/2015 7:37,10/6/2015 7:37,10/6/2015 7:37,0,0,0
agentlab,xtext-web,7/8/2016 18:49,7/8/2016 19:21,7/8/2016 19:21,7/8/2016 19:21,0,0,0
test-editor,xtext-dropwizard,6/30/2017 11:46,10/22/2019 14:31,6/30/2017 15:03,12/19/2017 16:21,844,172,20.38
kecskesk,xtext-menetrend,11/15/2016 0:07,6/28/2018 23:05,11/15/2016 0:07,11/15/2016 0:07,590,0,0
ftrifin,xtext-utils,0,0,0,0,0,0,0
scottopell,xtext_utils,0,0,0,0,0,0,0
lukashaertel,xtext-fsml,11/28/2013 5:48,5/3/2015 22:55,12/9/2013 18:03,1/6/2014 1:03,521,27,5.18
sahrmann,xtext-json,8/8/2017 17:29,8/8/2017 17:39,8/8/2017 17:29,8/8/2017 17:29,0,0,0
Modaptix,xtext-utils,0,0,0,0,0,0,0
itemis,xtext-issues,0,0,0,0,0,0,0
holzem,xtext-lexertrace,11/20/2017 17:53,12/30/2017 16:41,12/30/2017 12:11,12/30/2017 12:11,39,0,0
victorlacorte,Tcc,0,0,0,0,0,0,0
limelanguage,lime-xtext,0,0,0,0,0,0,0
edgarmueller,xtext-recordmapper,9/27/2013 22:45,9/27/2013 22:45,9/27/2013 22:45,9/27/2013 22:45,0,0,0
santoshdeshpande,wwf-xtext,7/19/2011 16:20,7/19/2011 16:25,7/19/2011 16:25,7/19/2011 16:25,0,0,0
MatzeGIT,XText-maven,4/30/2013 12:16,5/3/2013 13:10,4/30/2013 12:16,5/1/2013 16:18,3,1,33.33
tkurita,XText.scptd,0,0,0,0,0,0,0
t-buss,mgpl_xtext,1/18/2017 17:49,1/18/2017 17:49,1/18/2017 17:49,1/18/2017 17:49,0,0,0
dvdkruk,xtext-workshop,2/14/2017 10:04,8/6/2017 13:39,2/14/2017 10:22,2/14/2017 10:22,172,0,0
npalix,org.xtext.example.mde,12/8/2016 16:13,12/8/2016 16:13,12/8/2016 16:13,12/8/2016 16:13,0,0,0
logicfish,XActiv,10/11/2013 13:09,11/24/2013 8:50,11/11/2013 3:51,11/11/2013 3:51,43,0,0
kittaakos,webcalc,3/2/2016 15:02,5/2/2016 9:58,3/2/2016 15:27,4/29/2016 15:32,60,57,95
evandor,skysail-prototypr-dsl,9/15/2016 15:23,9/30/2016 14:06,9/15/2016 15:28,9/17/2016 15:28,14,1,7.14
iensen,certware-l-editor,6/4/2015 8:20,3/6/2016 19:08,3/6/2016 11:38,3/6/2016 11:38,276,0,0
vladimirkozhaev,casualintellect_new_wizard,1/9/2016 20:53,1/31/2016 23:06,1/9/2016 20:54,1/9/2016 20:54,22,0,0
TinyScream,org.xtext.amodel,7/27/2017 12:05,7/31/2017 13:35,7/27/2017 12:14,7/31/2017 13:35,4,4,100
M2TIIL2016-2017,SiteWeb_XText,12/13/2016 18:54,12/20/2016 22:03,12/20/2016 22:03,12/20/2016 22:03,7,0,0
schakko,hackcamp-xtext-automotivebus,6/15/2014 15:18,6/15/2014 15:18,6/15/2014 15:18,6/15/2014 15:18,0,0,0
sfinnie,xtext.scoping.adventures,11/30/2014 20:22,11/30/2014 21:59,11/30/2014 20:22,11/30/2014 20:22,0,0,0
jpaw,bonaparte-apidsl,4/1/2015 11:04,10/12/2017 20:34,4/1/2015 11:09,10/12/2017 20:34,925,925,100
rainerschuster,yacc-ide,8/22/2016 19:54,8/26/2016 19:24,8/22/2016 19:54,8/26/2016 19:24,3,3,100
schakko,xtext-bug-436688,9/12/2014 11:02,9/12/2014 14:03,9/12/2014 11:02,9/12/2014 11:02,0,0,0
dhuebner,xtext-builddsl-tycho,6/18/2014 15:33,12/18/2015 17:50,6/18/2014 15:33,6/18/2014 15:33,548,0,0
matejsp,lwc13-xtext,1/24/2013 12:34,4/9/2013 15:55,1/24/2013 12:46,3/25/2013 10:36,75,59,78.67
ftrifin,xtext-utils.uml,0,0,0,0,0,0,0
mbarbero,xtext-forms-integration,8/24/2010 9:49,10/7/2010 18:27,8/24/2010 9:49,8/24/2010 9:49,44,0,0
FForw4rd,xtext-restriction-framework,9/28/2015 15:16,4/5/2016 14:08,9/28/2015 15:16,4/5/2016 14:08,189,189,100
zrrk,xtext-utils.devenv,0,0,0,0,0,0,0
ftrifin,xtext-utils.xtend,0,0,0,0,0,0,0
svenefftinge,xtext-jaxcon-example,5/12/2014 17:04,5/14/2014 17:05,5/13/2014 9:02,5/14/2014 11:21,2,1,50
LorenzoBettini,xtext-demo-laquila,5/14/2016 15:39,5/16/2016 15:05,5/14/2016 15:39,5/15/2016 11:16,1,0,0
jakecobb,xtext-iris-datalog,7/7/2014 15:48,7/8/2014 10:41,7/7/2014 15:48,7/8/2014 10:40,0,0,0
Huluvu424242,rezept-dsl.xtext,4/30/2016 21:58,3/19/2017 13:28,5/17/2016 23:43,3/18/2017 22:25,322,304,94.41
philiber92,xtext-utils.unittesting,0,0,0,0,0,0,0
philiber92,xtext-utils.distribution,0,0,0,0,0,0,0
phaldan,htwg-cform-xtext,7/31/2017 12:15,8/23/2017 3:46,7/31/2017 12:37,8/16/2017 19:49,22,16,72.73
itemis,xtext-example-conplan,8/31/2017 10:47,8/31/2017 11:03,8/31/2017 11:01,8/31/2017 11:01,0,0,0
LorenzoBettini,Xtext-Buckminster-Example,5/21/2012 22:25,11/11/2012 16:34,5/21/2012 22:25,5/21/2012 22:27,173,0,0
LorenzoBettini,xtextcon-typesystem-example,5/27/2014 14:15,10/12/2014 18:04,5/27/2014 14:18,5/27/2014 14:18,138,0,0
dhuebner,org.xtext.example.tycho,8/31/2011 11:59,9/10/2011 12:07,8/31/2011 12:19,9/1/2011 12:22,10,1,10
agentlab,eclipse-orbit_xtext-web,7/26/2016 11:46,10/28/2016 17:21,7/26/2016 12:09,9/14/2016 12:16,94,50,53.19
Tutti91,xtext_language_bla,6/25/2015 13:59,6/25/2015 13:59,6/25/2015 13:59,6/25/2015 13:59,0,0,0
LeonoraG,xtext-req-editor,1/18/2016 12:52,1/18/2016 12:52,1/18/2016 12:52,1/18/2016 12:52,0,0,0
xarvey,atom-xtext-autocomplete,0,0,0,0,0,0,0
franzbecker,xtext-formatter-problem,11/1/2016 14:00,11/1/2016 14:31,11/1/2016 14:12,11/1/2016 14:12,0,0,0
ftrifin,xtext-utils.distribution,0,0,0,0,0,0,0
Fritzi,XText_TeSSLa,8/25/2017 12:13,9/5/2017 14:33,8/25/2017 12:19,9/1/2017 16:00,11,7,63.64
madasar,booster2-xtext,3/6/2017 18:07,4/6/2017 13:23,3/6/2017 18:07,3/10/2017 18:45,30,4,13.33
TypeFox,xtext-splitted-repo,5/9/2008 15:57,6/14/2016 10:11,6/14/2016 8:30,6/14/2016 8:30,2957,0,0
zrrk,xtext-utils.uml,7/28/2011 11:33,1/3/2012 18:16,8/12/2011 18:49,8/12/2011 18:49,159,0,0
zrrk,xtext-utils.xtend,0,0,0,0,0,0,0
ftrifin,xtext-forms-integration,8/24/2010 9:49,10/7/2010 18:27,8/24/2010 9:49,8/24/2010 9:49,44,0,0
JanKoehnlein,fxdiagram-xtext-examples,9/6/2017 21:02,9/6/2017 22:55,9/6/2017 21:02,9/6/2017 22:55,0,0,0
ubx,openair,3/21/2011 16:29,3/27/2011 10:58,3/21/2011 16:29,3/26/2011 9:28,5,4,80
rju,xtext-typing-example,10/8/2012 9:53,11/1/2012 19:29,10/9/2012 15:21,11/1/2012 11:24,24,22,91.67
philiber92,xtext-utils.xtend,0,0,0,0,0,0,0
Advanced-Model-Engineering-SS16,xtext-ocl-extensions,6/3/2016 11:58,6/3/2016 11:58,6/3/2016 11:58,6/3/2016 11:58,0,0,0
zrrk,xtext-utils.distribution,0,0,0,0,0,0,0
Johanvdberg,mcrl2.xtext,1/26/2017 20:20,6/1/2017 18:55,1/26/2017 20:48,6/1/2017 18:55,125,125,100
kryptonite22,rsbac.xtext.dsl,0,0,0,0,0,0,0
tkleszczynski,jug-zgora-xtext,11/27/2015 7:57,11/27/2015 7:57,11/27/2015 7:57,11/27/2015 7:57,0,0,0
philiber92,xtext-utils.devenv,0,0,0,0,0,0,0
jeffmaury,devoxx2012-xtext,4/17/2012 15:14,4/17/2012 23:37,4/17/2012 23:04,4/17/2012 23:04,0,0,0
YonedaMasashi,xText_Practice,3/31/2015 21:29,4/1/2015 21:23,3/31/2015 21:45,3/31/2015 21:45,0,0,0
jackqq,xTextEdit,0,0,0,0,0,0,0
ftrifin,xtext-utils.unittesting,0,0,0,0,0,0,0
lgcardeas,xtext-forms-integration,8/24/2010 9:49,10/7/2010 18:27,8/24/2010 9:49,8/24/2010 9:49,44,0,0
vrichard12,xtext-forms-integration,8/24/2010 9:49,10/7/2010 18:27,8/24/2010 9:49,8/24/2010 9:49,44,0,0
itemis,xtext-monaco-example,0,0,0,0,0,0,0
pabu90,xtext-ci-test,11/22/2013 5:38,3/1/2017 16:11,11/22/2013 15:09,11/22/2013 15:09,1195,0,0
EricssonPlant,plantuml-xtext-light,6/11/2015 16:02,6/30/2015 8:44,6/11/2015 16:05,6/30/2015 8:44,18,18,100
zrrk,xtext-utils.unittesting,3/17/2011 4:10,4/26/2012 16:12,6/10/2011 14:49,4/26/2012 12:09,406,320,78.82
LorenzoBettini,xtext-index-experiments,4/2/2013 22:25,4/7/2013 10:05,4/2/2013 22:25,4/6/2013 10:25,4,3,75
ftrifin,xtext-utils.devenv,0,0,0,0,0,0,0
inteldict,xtext-gradle-demo,9/20/2016 12:58,9/20/2016 18:28,9/20/2016 12:58,9/20/2016 18:27,0,0,0
cdietrich,xtext-multi-dsl,7/17/2017 18:07,7/19/2017 16:15,7/17/2017 18:07,7/19/2017 14:46,1,1,100
hachreak,dmss.pouex.xtext,5/1/2014 17:32,6/11/2014 2:19,5/1/2014 17:32,6/11/2014 2:19,40,40,100
lunifera,lunifera-xtext-runtimebuilder,6/13/2014 8:34,4/4/2015 10:01,6/14/2014 22:02,6/25/2014 13:34,295,10,3.39
sikessle,xtext-forms-integration,8/24/2010 9:49,10/7/2010 18:27,8/24/2010 9:49,8/24/2010 9:49,44,0,0
priya0311,xtext-forms-integration,8/24/2010 9:49,10/7/2010 18:27,8/24/2010 9:49,8/24/2010 9:49,44,0,0
philiber92,xtext-utils.uml,0,0,0,0,0,0,0
talalong,dbFactoryXtext,12/18/2017 19:47,1/11/2018 21:56,12/18/2017 19:47,1/11/2018 21:56,24,24,100
stackoverflowmailer,lwc13-xtext,1/24/2013 12:34,4/9/2013 15:55,1/24/2013 12:46,3/25/2013 10:36,75,59,78.67
willy2706,if4150-xtext,11/27/2015 14:48,12/1/2015 9:49,11/27/2015 14:48,12/1/2015 9:49,3,3,100
wwu-pi,acse-xtext-validation,5/28/2016 22:46,5/28/2016 23:11,5/28/2016 22:47,5/28/2016 22:47,0,0,0
ProgrammableDrones,xTextLanguage,3/3/2017 14:55,5/5/2017 15:11,3/3/2017 17:34,5/1/2017 15:54,62,58,93.55
stefano-bragaglia,Kinect-ECE-XText,9/27/2013 0:30,2/13/2014 14:21,10/2/2013 17:44,2/12/2014 15:43,139,132,94.96
wwu-pi,acse-xtext-gui,5/1/2016 14:54,6/1/2017 12:01,6/1/2017 11:32,6/1/2017 11:32,395,0,0
peterssas,xtext-gradle-problem,6/27/2017 9:19,8/7/2017 6:19,6/27/2017 9:25,6/27/2017 9:25,40,0,0
zhoumin03,xtext-forms-integration,8/24/2010 9:49,10/7/2010 18:27,8/24/2010 9:49,8/24/2010 9:49,44,0,0
gcubar,CodeXcessXtext,6/28/2012 21:30,7/7/2012 19:43,6/28/2012 21:30,7/7/2012 19:43,8,8,100
cdietrich,xtext-ecore-xcore,7/20/2017 18:26,9/11/2017 21:35,7/20/2017 18:26,7/20/2017 18:26,53,0,0
ayoubziat,xtext_DSL_example,8/31/2017 12:46,3/8/2023 12:19,8/31/2017 12:46,5/22/2021 17:23,2015,1360,67.49
xiaoyvr,xtext-demo-oxygen,12/11/2017 16:31,12/11/2017 20:04,12/11/2017 16:31,12/11/2017 19:47,0,0,0
test-editor,deprecated-xtext-index-backend,10/25/2017 16:29,11/7/2018 9:32,11/14/2017 14:42,11/14/2017 14:42,377,0,0
kuniss,Aqua,12/25/2014 16:37,12/25/2014 16:37,12/25/2014 16:37,12/25/2014 16:37,0,0,0
npalix,org.eclipse.xtext.example.fowlerdsl,12/8/2016 16:07,12/8/2016 16:07,12/8/2016 16:07,12/8/2016 16:07,0,0,0
dslmeinte,xtext-workshop-code1,9/6/2010 15:14,11/22/2010 10:22,9/6/2010 15:14,10/27/2010 9:36,76,50,65.79
chauhansaurabhb,Eclipse-Xtext-Mydsl-Plugin,12/2/2016 11:31,4/14/2017 7:52,12/2/2016 11:31,4/14/2017 7:52,132,132,100
oyse,jetson,11/5/2010 16:15,11/26/2010 16:14,11/5/2010 16:15,11/5/2010 17:19,20,0,0
zwgirl,summer,4/22/2014 6:29,4/30/2014 6:00,4/22/2014 6:29,4/25/2014 9:06,7,3,42.86
rymarenkosuccess,Coffeescript-Eclipse,6/27/2015 10:27,6/27/2015 10:29,6/27/2015 10:29,6/27/2015 10:29,0,0,0
felipedf,compiler,4/7/2016 17:31,8/23/2018 9:45,4/7/2016 17:31,5/19/2016 15:17,867,41,4.73
logicfish,XPlane,0,0,0,0,0,0,0
LorenzoBettini,Xtext-Xtend-Buckminster-Example,5/21/2012 22:25,2/15/2015 11:13,5/21/2012 22:25,5/21/2012 22:27,999,0,0
vorburger,eclipse-typescript-xtext-repository,0,0,0,0,0,0,0
pankeshpatel,EclipsePluginForXtext,11/18/2015 0:52,11/18/2015 0:52,11/18/2015 0:52,11/18/2015 0:52,0,0,0
Hellmy,plantuml-eclipse-xtext_update,0,0,0,0,0,0,0
xpomul,xtext-multi-edit-example,2/14/2017 12:34,2/14/2017 15:38,2/14/2017 12:37,2/14/2017 12:37,0,0,0
tmtron,xtext.eclipse.15minExtended,12/16/2016 17:29,12/16/2016 18:10,12/16/2016 17:29,12/16/2016 17:29,0,0,0
deb-sandeep,com.sandy.xtext.jovenotes.ui,0,0,0,0,0,0,0
ftrifin,xtext-utils.xtend1,0,0,0,0,0,0,0
szarnekow,xtext-arithmetics-web-example,11/19/2015 19:13,11/19/2015 19:44,11/19/2015 19:37,11/19/2015 19:37,0,0,0
wwu-pi,acse-xtext-knuth-binaries,5/1/2016 14:49,6/1/2017 11:36,5/1/2016 14:51,5/1/2016 14:51,395,0,0
jwachter,xtext-serializer-issue-example,8/14/2017 21:52,8/15/2017 0:04,8/14/2017 21:52,8/15/2017 0:02,0,0,0
DemidovAlexander,Xtext_MiniJava_IDE,2/4/2016 17:35,9/19/2017 1:32,2/4/2016 17:35,2/15/2016 11:16,592,10,1.69
camilagarcia113,xtext-dsl-obj3,7/26/2016 22:32,7/26/2016 22:32,7/26/2016 22:32,7/26/2016 22:32,0,0,0
cdietrich,gradle-xtext-xtend-problem,0,0,0,0,0,0,0
uqbar-paco,firewall-dsls-externos-xtext,11/21/2013 20:58,11/22/2013 23:50,11/21/2013 20:58,11/22/2013 23:50,1,1,100
svenefftinge,Xtext-LWC-contribution--Instances-,4/21/2011 11:41,4/21/2011 11:43,4/21/2011 11:41,4/21/2011 11:41,0,0,0
rainerschuster,eclipse-webidl,12/14/2014 9:50,5/26/2020 7:50,12/14/2014 14:42,5/26/2020 7:50,1989,1989,100
willy2706,if4150-xtext-html,0,0,0,0,0,0,0
phaldan,htwg-cform-xtext-demo,0,0,0,0,0,0,0
hypery2k,Xtext-GrammarMixin-Example,9/25/2012 14:42,9/25/2012 15:38,9/25/2012 14:42,9/25/2012 15:38,0,0,0
philiber92,xtext-utils.subproject-template,0,0,0,0,0,0,0
zrrk,xtext-utils.subproject-template,0,0,0,0,0,0,0
thowin,ituXtextLandinConfigurator,12/6/2016 16:57,12/6/2016 16:57,12/6/2016 16:57,12/6/2016 16:57,0,0,0
philiber92,xtext-utils.xtend1,0,0,0,0,0,0,0
claudenirmf,old-tests-on-xtext,10/25/2016 0:25,6/21/2017 12:00,10/25/2016 0:36,3/30/2017 14:14,239,156,65.27
zouhairireda,xtext-ocl-xtend-poc,9/11/2016 14:23,3/26/2017 15:42,9/11/2016 14:30,9/11/2016 14:30,196,0,0
franzbecker,xtext-serializer-parallel-problem,11/1/2016 14:00,12/14/2016 13:19,12/14/2016 13:19,12/14/2016 13:19,42,0,0
lunifera,lunifera-xtext-runtimebuilder-example,7/7/2014 18:03,7/7/2014 18:05,7/7/2014 18:05,7/7/2014 18:05,0,0,0
ftrifin,xtext-utils.subproject-template,0,0,0,0,0,0,0
fluxtah,xtext-android-gradle-example,0,0,0,0,0,0,0
hypery2k,Xtext-Maven-BuildExample,10/8/2012 7:33,10/19/2012 17:14,10/18/2012 15:35,10/18/2012 15:35,10,0,0
kittaakos,xtext-eclipse-gh-238,4/21/2017 15:47,12/3/2018 14:29,4/21/2017 15:53,4/21/2017 15:53,590,0,0
MatzeGIT,XText-Maven-CleanStart,5/6/2013 2:58,5/6/2013 3:12,5/6/2013 2:58,5/6/2013 2:58,0,0,0
Rodolfocostapr,org.xtext.example.pascalito,7/5/2017 22:08,7/12/2017 20:27,7/5/2017 22:09,7/12/2017 20:27,6,6,100
deb-sandeep,JoveNotesProcessor,0,0,0,0,0,0,0
zrrk,xtext-utils.xtend1,0,0,0,0,0,0,0
tanthingdeveloper3unshine,AutoCompleteXTextView,0,0,0,0,0,0,0
loradd,uml-xtext-grammar-generator,0,0,0,0,0,0,0
RobertWalter83,DialogScriptDSL,9/15/2013 5:34,4/13/2014 18:43,9/15/2013 19:54,4/11/2014 21:41,210,208,99.05
vicegd,org.xtext.dsl.restaurante,10/20/2017 8:51,10/21/2017 10:59,10/21/2017 10:56,10/21/2017 10:56,1,0,0
paulluap,xtext-extras-issue216,12/20/2017 21:33,12/5/2019 14:07,12/20/2017 21:33,12/21/2017 7:40,714,0,0
dhakehurst,net.akehurst.example.xtext.vertx,9/15/2016 17:17,9/20/2016 10:04,9/20/2016 9:43,9/20/2016 10:04,4,0,0
alvilgau,de.htwg.xtext.setGame,6/24/2016 13:32,6/28/2016 11:36,6/24/2016 13:55,6/28/2016 9:12,3,3,100
nittka,Xarchive,11/6/2016 12:32,2/9/2020 11:37,11/6/2016 12:54,2/9/2020 11:37,1189,1189,100
rdurelli,com.br.refactoring.xtext.dsl,4/29/2014 16:25,5/20/2014 15:03,4/29/2014 16:25,5/20/2014 14:57,20,20,100
tmtron,xtext.15minTutorial.project,0,0,0,0,0,0,0
agentlab,eclipse-orbit_xtext-web-dsls,10/7/2016 17:52,10/8/2016 1:20,10/7/2016 18:33,10/7/2016 18:33,0,0,0
threadedblue,org.eclipse.xtext.example.domainmodel,8/16/2016 8:21,8/16/2016 8:21,8/16/2016 8:21,8/16/2016 8:21,0,0,0
cdietrich,xtext-existing-metamodel-gradle-example,10/1/2016 11:33,10/1/2016 11:33,10/1/2016 11:33,10/1/2016 11:33,0,0,0
wrungel,tycho.xtext.mwe2.test,1/27/2014 3:35,1/27/2014 13:58,1/27/2014 12:40,1/27/2014 12:40,0,0,0
Scholvac,EclipseTaskJuggler,8/3/2015 17:21,8/3/2015 17:58,8/3/2015 17:53,8/3/2015 17:53,0,0,0
ftmdida,xtext_code_gen_version_2,11/27/2015 12:14,12/1/2015 11:39,11/27/2015 12:14,11/27/2015 12:14,3,0,0
alexwatts,xtext-j2ee-dsl,5/16/2013 14:53,6/4/2013 14:33,5/16/2013 14:53,6/2/2013 14:10,18,16,88.89
cdietrich,xtext-gradle-plugin-issue-60,8/3/2016 17:59,8/3/2016 18:03,8/3/2016 17:59,8/3/2016 17:59,0,0,0
thowin,ituXtextLandin2Configurator,12/6/2016 23:06,12/6/2016 23:06,12/6/2016 23:06,12/6/2016 23:06,0,0,0
jkouwer,basicfamily,0,0,0,0,0,0,0
goldschmiede,2011-02-18_xtext_apache_wicket,0,0,0,0,0,0,0
nileshrege,El,3/15/2013 13:49,10/31/2013 13:18,3/15/2013 14:14,10/31/2013 13:18,229,229,100
deparlak,de.htwg.mdsd.xtext.portals,5/19/2015 14:37,6/30/2015 8:49,5/19/2015 14:42,6/30/2015 8:49,41,41,100
shashwatanand,org.shashwat.xtext.smallJava,8/1/2015 11:42,6/29/2016 20:51,8/1/2015 12:01,8/1/2015 15:10,333,0,0
mmalohlava,gpp-for-xtext-master-thesis,0,0,0,0,0,0,0
dexz92,Integrating-Xtext-and-JavaRAG,7/13/2016 23:59,7/14/2016 0:07,7/14/2016 0:07,7/14/2016 0:07,0,0,0
Rodolfocostapr,org.xtext.example.pascalitoOld,7/5/2017 8:58,7/5/2017 21:05,7/5/2017 8:59,7/5/2017 21:05,0,0,0
KasperGam,IGESImport,6/22/2016 18:04,7/1/2016 15:58,6/22/2016 18:07,6/30/2016 13:39,8,7,87.5
fuinorg,xsample,9/28/2013 22:47,11/11/2021 6:26,9/29/2013 7:57,9/29/2013 7:57,2964,0,0
florianpirchner,beantypes,0,0,0,0,0,0,0
cdietrich,xtext-gradle-plugin-issue-61,8/3/2016 18:09,8/3/2016 18:09,8/3/2016 18:09,8/3/2016 18:09,0,0,0
rdurelli,com.br.refactoring.xtext.dsl.ui,0,0,0,0,0,0,0
threadedblue,org.eclipse.xtext.example.domainmodel.tests,0,0,0,0,0,0,0
rdurelli,com.br.refactoring.xtext.dsl.tests,0,0,0,0,0,0,0
shashwatanand,org.shashwat.xtext.smallJava.ui,0,0,0,0,0,0,0
tmtron,xtext.eclipse.15minExtended.project,0,0,0,0,0,0,0
chqu1012,MetroUiDescriper,0,0,0,0,0,0,0
rainerschuster,sygus-ide,8/20/2016 19:01,8/21/2016 10:32,8/20/2016 19:07,8/21/2016 9:53,0,0,0
jacruzca,xtext-multilanguage-multiple-target-impl-reuse,10/18/2013 13:34,11/14/2013 11:59,10/18/2013 15:54,11/14/2013 11:59,26,26,100
qscdfg,mybash,5/20/2016 8:35,5/20/2016 17:15,5/20/2016 8:40,5/20/2016 17:15,0,0,0
eirikg,XbaseSiriusIntegration,7/10/2016 13:38,4/5/2017 13:18,7/10/2016 13:38,7/10/2016 13:38,268,0,0
nohum,android-code-generation,1/1/2015 21:25,3/2/2015 22:19,1/31/2015 20:55,2/17/2015 22:52,60,17,28.33
gvd,zest-sm,0,0,0,0,0,0,0
uqbar-paco,declaratividad-orm-java,8/29/2012 14:58,10/25/2013 22:56,8/29/2012 14:58,8/29/2012 14:58,422,0,0
shashwatanand,org.shashwat.xtext.smallJava.tests,0,0,0,0,0,0,0
dhakehurst,net.akehurst.example.xtext.vertx.lsp,0,0,0,0,0,0,0
vztpv,ClauTextWithEclipse,11/25/2017 2:13,12/5/2017 10:10,11/28/2017 3:27,12/5/2017 10:03,10,7,70
goldschmiede,2011-04-29_xtext_service_repository,0,0,0,0,0,0,0
markusvoelter,DSLEngBook-Xtext-P3Demo,5/29/2011 16:43,5/29/2011 17:00,5/29/2011 16:43,5/29/2011 16:43,0,0,0
ESIR2Compilation,PrettyPrinter,0,0,0,0,0,0,0
bmael,MVCLang,0,0,0,0,0,0,0
zhou-jg,tefler,6/23/2015 17:27,7/3/2015 13:14,7/3/2015 9:11,7/3/2015 9:11,9,0,0
bogdanvuk,xvhdl,8/4/2015 19:16,8/7/2015 0:13,8/4/2015 19:16,8/7/2015 0:13,2,2,100
marcotinacci,XTuring,11/6/2012 7:47,11/28/2012 16:21,11/16/2012 12:17,11/16/2012 18:22,21,0,0
threadedblue,org.eclipse.xtext.example.domainmodel.ui,0,0,0,0,0,0,0
joergreichert,OperationsResearch,6/2/2013 8:13,10/30/2016 15:49,8/18/2013 13:55,8/18/2013 13:55,1245,0,0
tommyettinger,julepp,0,0,0,0,0,0,0
masters-info-nantes,SmokingText,11/4/2015 10:46,12/17/2015 16:36,11/25/2015 11:40,12/17/2015 16:36,43,22,51.16
daniel-laszlo,temalabor,12/7/2016 23:00,1/15/2017 0:55,12/8/2016 0:06,12/8/2016 0:06,38,0,0
Communote,communote-restws,6/27/2016 18:26,6/27/2016 21:01,6/27/2016 20:58,6/27/2016 21:01,0,0,0
vorburger,FormGeneratorPOC,0,0,0,0,0,0,0
nittka,pocesl,1/22/2013 6:43,2/2/2013 20:06,2/2/2013 20:06,2/2/2013 20:06,11,0,0
logicfish,POMText,0,0,0,0,0,0,0
cdietrich,https---github.com-meysholdt-xtext_stateful_lexer,0,0,0,0,0,0,0
bogdanvuk,xrst,7/19/2015 11:22,8/3/2015 11:44,7/19/2015 11:22,7/19/2015 11:22,15,0,0
meysholdt,performance_probes,0,0,0,0,0,0,0
agentlab,PowerLoomDSL,1/23/2017 19:38,2/16/2017 20:25,1/23/2017 23:14,1/23/2017 23:14,24,0,0
rainerschuster,jdl-ide,8/7/2016 14:43,8/21/2016 10:34,8/10/2016 22:18,8/10/2016 22:18,13,0,0
JoostvanPinxten,SDF3-editor,2/24/2015 19:40,2/24/2015 21:51,2/24/2015 21:03,2/24/2015 21:42,0,0,0
ceefour,emf-sandbox,0,0,0,0,0,0,0
Mehdi23,FlexoModelingLanguage,7/20/2013 5:35,7/21/2013 22:55,7/20/2013 14:56,7/21/2013 12:37,1,0,0
atanaka,experimental-rmodp-dsl,5/13/2012 21:18,5/14/2012 17:23,5/13/2012 21:18,5/13/2012 21:18,0,0,0
leolimasa,reqlang,7/14/2014 7:08,7/14/2014 7:13,7/14/2014 7:13,7/14/2014 7:13,0,0,0
smba,model-based-times,12/3/2015 12:35,9/20/2016 17:07,12/17/2015 17:47,2/16/2016 15:46,292,60,20.55
DavidFosterLuhmann,high-dim,0,0,0,0,0,0,0
test-editor,deprecated-test-editor-index-backend,0,0,0,0,0,0,0
sidz8690,EasyUnit,0,0,0,0,0,0,0
lsotnk,lsotnk.xbase.launching,0,0,0,0,0,0,0
Tim-S,ReqLNG,4/21/2017 17:26,5/2/2017 7:47,4/21/2017 17:26,4/23/2017 20:05,10,2,20
helunwencser,PAOC,12/24/2014 12:39,12/24/2014 14:36,12/24/2014 14:36,12/24/2014 14:36,0,0,0
nakul02,sysml.dml,12/18/2015 15:55,1/3/2016 12:31,12/18/2015 15:55,12/18/2015 16:51,15,0,0
rainerschuster,tlsf-ide,8/21/2016 19:42,8/21/2016 19:47,8/21/2016 19:46,8/21/2016 19:46,0,0,0
rainerschuster,asdl-ide,5/3/2017 6:27,5/3/2017 6:35,5/3/2017 6:35,5/3/2017 6:35,0,0,0
N0P0x90,EclipseExamples,1/21/2016 16:16,1/21/2016 16:22,1/21/2016 16:22,1/21/2016 16:22,0,0,0
martinmuellenberg,cityplanning,11/27/2012 11:00,11/30/2012 16:19,11/27/2012 20:29,11/27/2012 20:29,2,0,0
newdigate,soa-dsl-scaffolding,3/11/2015 14:38,3/14/2015 19:59,3/11/2015 17:59,3/11/2015 17:59,3,0,0
evansnicholas,yaxpath,3/9/2014 8:02,3/29/2014 18:07,3/9/2014 16:19,3/29/2014 12:05,20,19,95
nittka,ASP,0,0,0,0,0,0,0
josros,boby,10/17/2016 17:24,11/30/2016 9:38,10/19/2016 13:16,10/25/2016 11:54,43,5,11.63
danhaywood,kemble,0,0,0,0,0,0,0
schakko,bsc-thesis-documentation,0,0,0,0,0,0,0
szarnekow,mongoBeans,5/31/2012 23:49,6/6/2012 12:30,6/1/2012 18:15,6/6/2012 12:26,5,4,80
timeraider4u,external_jar_download,0,0,0,0,0,0,0
Buggaboo,xplatform,3/31/2014 10:49,6/20/2014 20:56,4/5/2014 3:04,6/20/2014 20:28,81,76,93.83
jonathankoehn,entitygenerator,4/18/2017 19:09,4/18/2017 19:09,4/18/2017 19:09,4/18/2017 19:09,0,0,0
marcusphi,polopoly-dsl,4/28/2012 13:15,4/28/2012 23:07,4/28/2012 22:27,4/28/2012 22:27,0,0,0
alexisfacques,dsl-feature-modelling,12/15/2017 11:18,12/19/2017 12:20,12/15/2017 11:27,12/15/2017 11:27,4,0,0
sbrocard,statemachine-generator,3/2/2015 10:56,3/3/2015 14:45,3/2/2015 10:56,3/2/2015 10:56,1,0,0
JPL-IMCE,gov.nasa.jpl.imce.oml.core,2/19/2017 22:23,5/9/2017 13:43,3/6/2017 22:15,5/3/2017 9:59,78,57,73.08
PuneetPatwari,system-map-maker,0,0,0,0,0,0,0
atanaka,DomainmodelWithCrossReference,5/6/2017 13:36,5/6/2017 14:33,5/6/2017 14:11,5/6/2017 14:11,0,0,0
cedricvidal,protobuf4e,4/3/2010 16:00,10/16/2016 18:42,4/3/2010 16:00,4/3/2010 17:41,2388,0,0
rowlo,testdsl,6/30/2016 15:04,8/1/2016 23:13,6/30/2016 15:04,8/1/2016 23:10,32,32,100
joergreichert,Cool,4/26/2014 23:59,2/25/2015 14:39,4/27/2014 9:06,5/9/2014 15:39,304,12,3.95
WesleyMarques,CompiladorJava,6/7/2015 9:55,11/20/2015 9:40,6/12/2015 9:44,11/19/2015 22:53,165,160,96.97
tommyettinger,kobold,6/23/2016 0:12,6/23/2016 20:51,6/23/2016 5:10,6/23/2016 20:51,0,0,0
stolorz,RankPL-EclipsePlugin,3/31/2017 16:55,3/31/2017 18:51,3/31/2017 18:51,3/31/2017 18:51,0,0,0
UnibgInfo3A,ebnfworkbench,11/18/2016 11:08,6/7/2017 17:57,11/18/2016 12:41,4/4/2017 19:44,201,137,68.16
sergiowebo,RaspduinoDSL,5/11/2014 12:25,6/12/2014 0:22,5/11/2014 12:25,6/10/2014 8:00,31,29,93.55
Remypoc,CmooSimpleJ,12/5/2016 15:33,1/20/2017 19:25,12/5/2016 16:16,12/7/2016 17:24,46,2,4.35
majordomo,majordomo,1/2/2013 17:15,2/8/2013 19:37,1/22/2013 20:56,2/8/2013 17:34,37,16,43.24
ryanignatius,CheckerDSL,4/21/2015 14:32,7/27/2015 17:04,4/21/2015 14:32,7/27/2015 17:04,97,97,100
raynair,webml,2/5/2015 11:27,12/27/2015 18:42,12/27/2015 12:18,12/27/2015 12:18,325,0,0
arbennett,ParserGeneratorExample,2/2/2016 17:02,4/25/2016 17:09,4/25/2016 17:09,4/25/2016 17:09,82,0,0
OElabed,Model-Driven-Engineering--Eclipse-RCP-plugin--Software-product-line,12/16/2014 14:00,12/16/2014 18:47,12/16/2014 16:40,12/16/2014 16:40,0,0,0
renaudhelias,MameVHDL,8/11/2015 16:01,6/23/2017 7:54,8/11/2015 16:11,8/11/2015 16:11,681,0,0
cwiscount,mydsl-emf-gen,11/7/2017 9:44,11/7/2017 10:06,11/7/2017 10:06,11/7/2017 10:06,0,0,0
rmuecke,clinicaltrialcreator,0,0,0,0,0,0,0
mythicfreak,aomxsgrammar,8/3/2014 17:46,10/21/2017 18:28,8/3/2014 17:58,12/2/2016 1:44,1175,851,72.43
diverse-project,melange-studio,0,0,0,0,0,0,0
marcotinacci,Event-Oriented-Language,6/3/2011 15:58,7/25/2011 22:03,6/3/2011 15:58,7/25/2011 22:03,52,52,100
ksza,Bicycle-Shop,9/27/2010 9:25,8/21/2017 13:20,11/15/2010 16:38,11/15/2010 18:34,2520,0,0
marcotinacci,SwarmRobotics,4/14/2012 13:05,5/28/2013 12:24,5/16/2012 17:21,9/11/2012 12:40,408,117,28.68
Padmar1995,gh,0,0,0,0,0,0,0
